"OBJECTID_1","OBJECTID_2","name","SOURCE","DEFINITION","ADM1_NAME","ADM2_NAME","RELIABILIT","X_COORD","Y_COORD","P_CODE","MGRS_CODE","Profile_Ma","market_settlement","Id","hex_4000km_market","geometry"
47,50,"Aabaraka","UNDP - 2006, UNDP - 1997","Settlement","Bay","Baidoa","Verified",43.48935,3.06661,"NA-3801-Y33-006","38NLJ3212239074",NA,"NA-3801-Y33-006",0,"P-48",c(43.48935, 3.06661)
51,54,"Aadali-Wiin","UNDP - 2006","Settlement","Bay","Buur Hakaba","Verified",43.522143,2.109603,"NA-3806-X01-006","38NLH3564333253",NA,"NA-3806-X01-006",0,"P-53",c(43.522143, 2.109603)
56,59,"Aadao Nuur","UNDP - 1997","Settlement","Lower Shabelle","Qoryooley","Verified",44.638962,1.83147,"NA-3810-E26-013","38NMH5984502437",NA,"NA-3810-E26-013",0,"W-54",c(44.638962, 1.83147)
58,61,"Aaminaay","UNDP - 1997","Settlement","Gedo","Baardheere","Verified",42.33992,2.30921,"NA-3805-S08-004","38NKH0413155515",NA,"NA-3805-S08-004",0,"I-52",c(42.33992, 2.30921)
59,62,"Aaminey","UNDP - 2006","Settlement","Bay","Buur Hakaba","Verified",44.0956,2.87296,"NA-3806-D14-009","38NLJ9948417590",NA,"NA-3806-D14-009",0,"T-49",c(44.0956, 2.87296)
61,64,"Aaminey","UNDP - 2006","Settlement","Bay","Baidoa","Verified",43.72598,2.9025,"NA-3806-C05-003","38NLJ5840220895",NA,"NA-3806-C05-003",0,"Q-48",c(43.72598, 2.9025)
63,66,"Aanole","UNDP - 2006, UNDP - 1997","Settlement","Gedo","Baardheere","Verified",42.31476,2.01387,"NA-3805-Z07-001","38NKH0127322840",NA,"NA-3805-Z07-001",0,"I-53",c(42.31476, 2.01387)
66,69,"Aaqoosh","UNDP - 2006, UNDP - 1997","Settlement","Bay","Baidoa","Verified",43.522,3.1385,"NA-3802-W01-007","38NLJ3576247018",NA,"NA-3802-W01-007",0,"P-48",c(43.522, 3.1385)
67,70,"Aarag","UNDP - 2006","Settlement","Bay","Baidoa","Verified",43.4664,3.27682,"NA-3801-T33-003","38NLJ2960562321",NA,"NA-3801-T33-003",0,"P-47",c(43.4664, 3.27682)
70,73,"Aasho","UNDP - 2006","Settlement","Bay","Buur Hakaba","Verified",43.46405,2.55291,"NA-3805-L33-001","38NLH2923582277",NA,"NA-3805-L33-001",0,"P-51",c(43.46405, 2.55291)
71,74,"Aawdiinle","UNDP - 2006, UNDP - 1997, FSAU","Settlement","Bay","Baidoa","Verified",43.40989,3.17055,"NA-3801-V32-008","38NLJ2330650580",NA,"NA-3801-V32-008",0,"O-47",c(43.40989, 3.17055)
71,74,"Aawdiinle","UNDP - 2006, UNDP - 1997, FSAU","Settlement","Bay","Baidoa","Verified",43.40989,3.17055,"NA-3801-V32-008","38NLJ2330650580",NA,"NA-3801-V32-008",0,"O-47",c(43.40989, 3.17055)
71,74,"Aawdiinle","UNDP - 2006, UNDP - 1997, FSAU","Settlement","Bay","Baidoa","Verified",43.40989,3.17055,"NA-3801-V32-008","38NLJ2330650580",NA,"NA-3801-V32-008",0,"O-47",c(43.40989, 3.17055)
72,75,"Aawjika","UNDP - 2006","Settlement","Bay","Diinsoor","Verified",43.04562,2.48343,"NA-3805-N24-001","38NKH8268774656",NA,"NA-3805-N24-001",0,"M-51",c(43.04562, 2.48343)
75,78,"Abaali","UNDP - 1997","Settlement","Bay","Diinsoor","Verified",42.520561,2.09274,"NA-3805-X12-002","38NKH2419631529",NA,"NA-3805-X12-002",0,"J-53",c(42.520561, 2.09274)
83,86,"Abaayle","UNDP - 1997","Settlement","Gedo","Baardheere","Verified",42.244171,2.09558,"NA-3805-X06-001","38NJH9343031895",NA,"NA-3805-X06-001",0,"H-53",c(42.244171, 2.09558)
88,91,"Abag Boostoole","UNDP - 2006","Part of town","Lower Shabelle","Baraawe","Verified",44.02764,1.11531,"NA-3810-X12-007","38NLG9181523293",NA,"NA-3810-X12-007",0,"S-58",c(44.02764, 1.11531)
94,97,"Abag-Tag","UNDP - 2006, FSAU","Settlement","Bay","Diinsoor","Verified",42.7565,2.34032,"NA-3805-R17-001","38NKH5049758876",NA,"NA-3805-R17-001",0,"L-52",c(42.7565, 2.34032)
96,99,"Abal","UNDP - 2006, UNDP - 1997, FSAU","Settlement","Bakool","Xudur","Verified",43.94177,3.94352,"NA-3802-B10-003","38NLK8251535958",NA,"NA-3802-B10-003",0,"S-43",c(43.94177, 3.94352)
97,100,"Abaq Beeday","UNDP - 2006, FSAU","Settlement","Bakool","Xudur","Verified",44.03645,4.1209,"NB-3814-X12-001","38NLK9305155555",NA,"NB-3814-X12-001",0,"S-42",c(44.03645, 4.1209)
99,102,"Abaq Dhere","UNDP - 2006, UNDP - 1997, FSAU","Settlement","Bakool","Tayeeglow","Verified",44.36139,3.9863,"NA-3802-A19-002","38NMK2910840640",NA,"NA-3802-A19-002",0,"U-43",c(44.36139, 3.9863)
100,103,"Abaq Haluul","UNDP - 2006","Settlement","Bay","Diinsoor","Verified",42.49589,2.30282,"NA-3805-S11-001","38NKH2148954776",NA,"NA-3805-S11-001",0,"J-52",c(42.49589, 2.30282)
101,104,"Abaq Mudule","UNDP - 1997","Settlement","Lower Shabelle","Baraawe","Verified",44.205841,1.35055,"NA-3810-R16-001","38NMG1165149291",NA,"NA-3810-R16-001",0,"T-57",c(44.205841, 1.35055)
104,107,"Abaqsaarre","UNDP - 1997","Settlement","Bay","Buur Hakaba","Verified",44.052502,2.91463,"NA-3806-C13-003","38NLJ9469722201",NA,"NA-3806-C13-003",0,"S-48",c(44.052502, 2.91463)
107,110,"Abay Eriley","KEMRI - 2007, UNDP - 2006","Settlement","Lower Shabelle","Marka","Verified",44.76653,1.85105,"NA-3810-D28-006","38NMH7403404599",NA,"NA-3810-D28-006",0,"W-54",c(44.76653, 1.85105)
108,111,"Abbannaale","UNDP - 1997","Settlement","Lower Shabelle","Afgooye","Verified",45.140011,2.20745,"NA-3807-V04-007","38NNH1556843991",NA,"NA-3807-V04-007",0,"Z-53",c(45.140011, 2.20745)
109,112,"Abdale Birole","FSAU","Settlement","Lower Juba","Kismayo","Verified",42.19793,-0.49016,"SA-3801-M05-002","38MJE8808545757",NA,"SA-3801-M05-002",0,"H-66",c(42.19793, -0.49016)
113,116,"Abdi Kheyr","UNDP - 2006","Settlement","Gedo","Luuq","Verified",42.52765,3.87355,"NA-3801-D12-002","38NKK2542828550",NA,"NA-3801-D12-002",0,"J-44",c(42.52765, 3.87355)
114,117,"Abdile Aliyow","UNDP - 2006","Settlement","Lower Shabelle","Wanla Weyn","Verified",45.02782,2.5801,"NA-3807-L01-019","38NNH0309285180",NA,"NA-3807-L01-019",0,"Y-50",c(45.02782, 2.5801)
115,118,"Abdirahman","FSAU","Settlement","Gedo","Baardheere","Verified",42.28168,2.33622,"NA-3805-R07-002","38NJH9765458516",NA,"NA-3805-R07-002",0,"I-51",c(42.28168, 2.33622)
116,119,"Abdiyow Aliyow","UNDP - 2006","Settlement","Lower Shabelle","Wanla Weyn","Verified",44.82233,2.46552,"NA-3806-N30-002","38NMH8024772517",NA,"NA-3806-N30-002",0,"X-51",c(44.82233, 2.46552)
117,120,"Abdiyow Arow","UNDP - 2006","Settlement","Lower Shabelle","Wanla Weyn","Verified",45.07583,2.53938,"NA-3807-M02-014","38NNH0842980679",NA,"NA-3807-M02-014",0,"Y-50",c(45.07583, 2.53938)
118,121,"Abdiyow-Ayuub","UNDP - 2006","Settlement","Lower Shabelle","Wanla Weyn","Verified",44.83762,2.5093,"NA-3806-M30-003","38NMH8194877355",NA,"NA-3806-M30-003",0,"X-51",c(44.83762, 2.5093)
118,121,"Abdiyow-Ayuub","UNDP - 2006","Settlement","Lower Shabelle","Wanla Weyn","Verified",44.83762,2.5093,"NA-3806-M30-003","38NMH8194877355",NA,"NA-3806-M30-003",0,"X-51",c(44.83762, 2.5093)
125,128,"Abeesaale","UNDP - 1997","Settlement","Lower Shabelle","Wanla Weyn","Verified",45.143978,2.77229,"NA-3807-F04-004","38NNJ1600206424",NA,"NA-3807-F04-004",0,"Z-50",c(45.143978, 2.77229)
127,130,"Abeesgarwaal","UNDP - 1997","Settlement","Bay","Baidoa","Verified",43.49205,3.1221,"NA-3801-X33-001","38NLJ3243045209",NA,"NA-3801-X33-001",0,"P-48",c(43.49205, 3.1221)
129,132,"Abgaalow","UNDP - 2006","Settlement","Lower Shabelle","Afgooye","Verified",45.07446,2.49832,"NA-3807-N02-002","38NNH0827776141",NA,"NA-3807-N02-002",0,"Z-51",c(45.07446, 2.49832)
131,134,"Abliko","KEMRI - 2007, UNDP - 2006, UNDP - 1997","Settlement","Lower Shabelle","Qoryooley","Verified",44.72997,1.87942,"NA-3810-C28-002","38NMH6996807735",NA,"NA-3810-C28-002",0,"W-54",c(44.72997, 1.87942)
134,137,"Aboli","UNDP - 1997","Settlement","Lower Juba","Afmadow","Verified",41.672699,0.4,"NA-3716-Q26-001","37NGA9750544260",NA,"NA-3716-Q26-001",0,"E-61",c(41.672699, 0.4)
137,140,"Aboore","UNDP - 2006","Settlement","Bay","Baidoa","Verified",43.13237,3.09107,"NA-3801-X25-006","38NKJ9244341841",NA,"NA-3801-X25-006",0,"N-48",c(43.13237, 3.09107)
142,145,"Aboow Cali","UNDP - 1997","Settlement","Lower Shabelle","Qoryooley","Verified",44.56929,1.75365,"NA-3810-F24-003","38NMG5209493837",NA,"NA-3810-F24-003",0,"V-55",c(44.56929, 1.75365)
147,150,"Abrano","UNDP - 2006","Settlement","Bay","Baidoa","Verified",43.13203,3.03833,"NA-3801-Z25-003","38NKJ9239536009",NA,"NA-3801-Z25-003",0,"N-48",c(43.13203, 3.03833)
151,154,"Abu Gala","UNDP - 1997","Settlement","Lower Juba","Afmadow","Verified",41.3703,0.0726,"NA-3716-Y20-001","37NGA6383008031",NA,"NA-3716-Y20-001",0,"C-63",c(41.3703, 0.0726)
154,157,"Abugal","UNDP - 1997","Settlement","Lower Juba","Afmadow","Verified",41.6008,0.1727,"NA-3716-V25-001","37NGA8950219108",NA,"NA-3716-V25-001",0,"E-63",c(41.6008, 0.1727)
161,164,"Abuurow","UNDP - 2006","Settlement","Bay","Qansax Dheere","Verified",42.7798,2.77067,"NA-3805-F18-002","38NKJ5317206475",NA,"NA-3805-F18-002",0,"L-50",c(42.7798, 2.77067)
170,173,"Adale","UNDP - 1997","Settlement","Lower Shabelle","Afgooye","Verified",45.2216,2.4804,"NA-3807-N05-002","38NNH2463574162",NA,"NA-3807-N05-002",0,"Z-51",c(45.2216, 2.4804)
172,175,"Adaliyow","KEMRI - 2007, UNDP - 2006, UNDP - 1997","Settlement","Lower Shabelle","Marka","Verified",44.6279,1.7492,"NA-3810-G25-030","38NMG5861393343",NA,"NA-3810-G25-030",0,"W-54",c(44.6279, 1.7492)
175,178,"Adan Nure","UNDP - 2006","Settlement","Lower Shabelle","Wanla Weyn","Verified",45.0675,2.56874,"NA-3807-L02-008","38NNH0750383925",NA,"NA-3807-L02-008",0,"Y-50",c(45.0675, 2.56874)
176,179,"Adan Yabaal","UNDP - 2006, UNDP - 1997, FSAU","District Capital","Middle Shabelle","Adan Yabaal","Verified",46.246441,3.77837,"NA-3803-F28-001","38NPK3840917728","Adan Yabaal","NA-3803-F28-001",0,"AG-44",c(46.246441, 3.77837)
184,187,"Adeyley Aw Mamo","UNDP - 2006","Settlement","Lower Shabelle","Wanla Weyn","Verified",44.85015,2.45412,"NA-3806-P30-023","38NMH8334071256",NA,"NA-3806-P30-023",0,"X-51",c(44.85015, 2.45412)
189,192,"Aduble-Guure","UNDP - 2006, UNDP - 1997","Settlement","Bay","Baidoa","Verified",43.31652,3.11916,"NA-3801-X29-001","38NLJ1291944913",NA,"NA-3801-X29-001",0,"O-47",c(43.31652, 3.11916)
200,203,"Afar Daar","UNDP - 1997","Settlement","Lower Shabelle","Wanla Weyn","Verified",44.811508,3.16663,"NA-3802-W29-001","38NMJ7905750013",NA,"NA-3802-W29-001",0,"X-48",c(44.811508, 3.16663)
214,217,"Afgoi","UNDP - 2006","Town","Lower Shabelle","Afgooye","Verified",44.98538,1.98188,"NA-3810-A33-003","38NMH9837419058",NA,"NA-3810-A33-003",0,"Y-53",c(44.98538, 1.98188)
216,219,"Afgooy","UNDP - 1997","Settlement","Middle Juba","Bu'aale","Verified",42.62252,0.95106,"NA-3813-B14-002","38NKG3540505211",NA,"NA-3813-B14-002",0,"K-59",c(42.62252, 0.95106)
219,222,"Afgooye","UNDP - 2006, UNDP - 1997, FSAU","Settlement","Gedo","Baardheere","Verified",42.28301,2.18775,"NA-3805-V07-003","38NJH9777242086",NA,"NA-3805-V07-003",0,"I-52",c(42.28301, 2.18775)
220,223,"Afgooye","UNDP - 1997, FSAU","District Capital","Lower Shabelle","Afgooye","Verified",45.118698,2.14158,"NA-3807-W03-007","38NNH1319836710","Afgooye","NA-3807-W03-007",0,"Z-53",c(45.118698, 2.14158)
220,223,"Afgooye","UNDP - 1997, FSAU","District Capital","Lower Shabelle","Afgooye","Verified",45.118698,2.14158,"NA-3807-W03-007","38NNH1319836710","Afgooye","NA-3807-W03-007",0,"Z-53",c(45.118698, 2.14158)
220,223,"Afgooye","UNDP - 1997, FSAU","District Capital","Lower Shabelle","Afgooye","Verified",45.118698,2.14158,"NA-3807-W03-007","38NNH1319836710","Afgooye","NA-3807-W03-007",0,"Z-53",c(45.118698, 2.14158)
231,234,"Afhuug","UNDP - 1997","Settlement","Bay","Baidoa","Verified",43.621391,3.15002,"NA-3802-W03-001","38NLJ4681048276",NA,"NA-3802-W03-001",0,"Q-47",c(43.621391, 3.15002)
233,236,"Afjiinow","UNDP - 1997","Settlement","Bay","Baidoa","Verified",43.63158,2.93972,"NA-3806-B03-001","38NLJ4791325023",NA,"NA-3806-B03-001",0,"Q-48",c(43.63158, 2.93972)
235,238,"Aflow","UNDP - 2006, FSAU","Settlement","Lower Shabelle","Kurtunwaarey","Verified",44.277,1.66485,"NA-3810-J18-005","38NMG1957984031",NA,"NA-3810-J18-005",0,"U-55",c(44.277, 1.66485)
236,239,"Afmadow","UNDP - 1997, FSAU","District Capital","Lower Juba","Afmadow","Verified",42.073009,0.51486,"NA-3813-M02-001","38NJF7416956982","Afmadow","NA-3813-M02-001",0,"G-61",c(42.073009, 0.51486)
236,239,"Afmadow","UNDP - 1997, FSAU","District Capital","Lower Juba","Afmadow","Verified",42.073009,0.51486,"NA-3813-M02-001","38NJF7416956982","Afmadow","NA-3813-M02-001",0,"G-61",c(42.073009, 0.51486)
238,241,"Afuu Faaley","UNDP - 2006","Settlement","Lower Shabelle","Afgooye","Verified",44.87152,2.26915,"NA-3806-T31-001","38NMH8571450811",NA,"NA-3806-T31-001",0,"X-52",c(44.87152, 2.26915)
257,260,"Agmarey","UNDP - 2006","Settlement","Middle Shabelle","Jowhar","Verified",45.62333,2.75552,"NA-3807-F14-001","38NNJ6928204588",NA,"NA-3807-F14-001",0,"AC-49",c(45.62333, 2.75552)
264,267,"Aifodo","UNDP - 1997","Settlement","Bay","Buur Hakaba","Verified",44.197701,2.9017,"NA-3806-C16-008","38NMJ1083420759",NA,"NA-3806-C16-008",0,"T-49",c(44.197701, 2.9017)
286,289,"Ali Dhuub","UNDP - 2006","Settlement","Lower Shabelle","Wanla Weyn","Verified",44.97354,2.56273,"NA-3806-L33-004","38NMH9705883260",NA,"NA-3806-L33-004",0,"Y-50",c(44.97354, 2.56273)
291,294,"Alifoow","UNDP - 2006, UNDP - 1997","Settlement","Lower Shabelle","Afgooye","Verified",45.18922,2.2774,"NA-3807-T05-003","38NNH2103851723",NA,"NA-3807-T05-003",0,"Z-52",c(45.18922, 2.2774)
293,296,"Aliindi","UNDP - 2006","Settlement","Lower Shabelle","Afgooye","Verified",44.798,2.26455,"NA-3806-T29-001","38NMH7753950303",NA,"NA-3806-T29-001",0,"X-52",c(44.798, 2.26455)
302,305,"Aliyow Baaley","UNDP - 2006","Settlement","Lower Shabelle","Wanla Weyn","Verified",45.14876,2.64542,"NA-3807-J04-003","38NNH1653592401",NA,"NA-3807-J04-003",0,"Z-50",c(45.14876, 2.64542)
310,313,"Allanga Gurrow","UNDP - 1997","Settlement","Lower Juba","Badhaadhe","Verified",41.048901,-0.3204,"SA-3704-H13-001","37MGV2803664563",NA,"SA-3704-H13-001",0,"A-65",c(41.048901, -0.3204)
331,334,"Anateel Afmado","FSAU","Settlement","Lower Juba","Afmadow","Verified",42.06427,0.635,"NA-3813-J02-001","38NJF7320270279",NA,"NA-3813-J02-001",0,"G-60",c(42.06427, 0.635)
337,340,"Angole Uen","UNDP - 1997","Settlement","Middle Juba","Bu'aale","Verified",42.548302,1.0793,"NA-3809-Y13-001","38NKG2715119405",NA,"NA-3809-Y13-001",0,"J-58",c(42.548302, 1.0793)
342,345,"Anole","UNDP - 1997","Settlement","Lower Juba","Kismayo","Verified",41.918301,-0.8709,"SA-3704-W32-001","37MHV2483703613",NA,"SA-3704-W32-001",0,"G-68",c(41.918301, -0.8709)
343,346,"Anoloow","UNDP - 2006","Settlement","Bay","Baidoa","Verified",43.27965,3.22357,"NA-3801-U29-002","38NLJ0884056466",NA,"NA-3801-U29-002",0,"O-47",c(43.27965, 3.22357)
352,355,"Aqallo","UNDP - 2006","Settlement","Gedo","Belet Xaawo","Verified",41.89078,3.84051,"NA-3704-D31-003","37NHE2108925041",NA,"NA-3704-D31-003",0,"F-44",c(41.89078, 3.84051)
353,356,"Aqallo Aar","UNDP - 2006","Settlement","Gedo","Belet Xaawo","Verified",41.48835,3.13016,"NA-3704-W22-001","37NGD7656746308",NA,"NA-3704-W22-001",0,"D-48",c(41.48835, 3.13016)
355,358,"Araara","UNDP - 1997","Settlement","Lower Juba","Jamaame","Verified",42.682098,0.0289,"NA-3813-Z16-004","38NKF4200403196",NA,"NA-3813-Z16-004",0,"K-63",c(42.682098, 0.0289)
364,367,"Arbadinle","UNDP - 1997","Settlement","Middle Juba","Jilib","Verified",43.290901,0.79233,"NA-3813-E29-001","38NLF0980987615",NA,"NA-3813-E29-001",0,"O-59",c(43.290901, 0.79233)
369,372,"Arbo-Heerow","UNDP - 2006, UNDP - 1997","Settlement","Lower Shabelle","Kurtunwaarey","Verified",44.19927,1.56415,"NA-3810-L16-001","38NMG1092872902",NA,"NA-3810-L16-001",0,"T-56",c(44.19927, 1.56415)
370,373,"Arbohiray","UNDP - 1997","Settlement","Bay","Diinsoor","Verified",42.90255,1.8504,"NA-3809-D20-001","38NKH6667404663",NA,"NA-3809-D20-001",0,"M-54",c(42.90255, 1.8504)
377,380,"Dayax","UNDP - 2006","Part of town","Lower Shabelle","Baraawe","Verified",44.03105,1.10997,"NA-3810-X12-004","38NLG9219522702",NA,"NA-3810-X12-004",0,"S-58",c(44.03105, 1.10997)
391,394,"Barako","UNDP - 2006, UNDP - 1997","Settlement","Middle Shabelle","Jowhar","Verified",45.38798,2.83435,"NA-3807-D09-001","38NNJ4312013290",NA,"NA-3807-D09-001",0,"AA-49",c(45.38798, 2.83435)
398,401,"Baray-Baray","UNDP - 2006","Settlement","Bay","Baidoa","Verified",43.3869,3.30956,"NA-3801-S31-003","38NLJ2077665955",NA,"NA-3801-S31-003",0,"O-46",c(43.3869, 3.30956)
416,419,"Booka","UNDP - 2006, UNDP - 1997","Settlement","Lower Juba","Afmadow","Verified",42.410049,0.07823,"NA-3813-Y10-005","38NKF1170408655",NA,"NA-3813-Y10-005",0,"I-63",c(42.410049, 0.07823)
423,426,"Boor Boor","UNDP - 2006","Settlement","Bay","Qansax Dheere","Verified",42.8398,2.85068,"NA-3805-D19-003","38NKJ5986215313",NA,"NA-3805-D19-003",0,"L-49",c(42.8398, 2.85068)
423,426,"Boor Boor","UNDP - 2006","Settlement","Bay","Qansax Dheere","Verified",42.8398,2.85068,"NA-3805-D19-003","38NKJ5986215313",NA,"NA-3805-D19-003",0,"L-49",c(42.8398, 2.85068)
449,452,"Borame","FSAU","Settlement","Bay","Baidoa","Verified",43.19636,3.27225,"NA-3801-T27-002","38NKJ9959161865",NA,"NA-3801-T27-002",0,"N-47",c(43.19636, 3.27225)
465,468,"Bu'aale","UNDP - 2006, UNDP - 1997, FSAU","Regional Capital","Middle Juba","Bu'aale","Verified",42.57317,1.24477,"NA-3809-U13-006","38NKG2993637709","Bu'aale","NA-3809-U13-006",0,"K-57",c(42.57317, 1.24477)
465,468,"Bu'aale","UNDP - 2006, UNDP - 1997, FSAU","Regional Capital","Middle Juba","Bu'aale","Verified",42.57317,1.24477,"NA-3809-U13-006","38NKG2993637709","Bu'aale","NA-3809-U13-006",0,"K-57",c(42.57317, 1.24477)
465,468,"Bu'aale","UNDP - 2006, UNDP - 1997, FSAU","Regional Capital","Middle Juba","Bu'aale","Verified",42.57317,1.24477,"NA-3809-U13-006","38NKG2993637709","Bu'aale","NA-3809-U13-006",0,"K-57",c(42.57317, 1.24477)
465,468,"Bu'aale","UNDP - 2006, UNDP - 1997, FSAU","Regional Capital","Middle Juba","Bu'aale","Verified",42.57317,1.24477,"NA-3809-U13-006","38NKG2993637709","Bu'aale","NA-3809-U13-006",0,"K-57",c(42.57317, 1.24477)
465,468,"Bu'aale","UNDP - 2006, UNDP - 1997, FSAU","Regional Capital","Middle Juba","Bu'aale","Verified",42.57317,1.24477,"NA-3809-U13-006","38NKG2993637709","Bu'aale","NA-3809-U13-006",0,"K-57",c(42.57317, 1.24477)
491,494,"Arilay","UNDP - 1997","Settlement","Gedo","Garbahaarrey","Verified",43.06226,3.16686,"NA-3801-V24-001","38NKJ8466450237",NA,"NA-3801-V24-001",0,"M-47",c(43.06226, 3.16686)
502,505,"Aroos Eber","UNDP - 2006","Settlement","Bakool","Xudur","Verified",44.0135,4.03086,"NB-3814-Z12-013","38NLK9049145604",NA,"NB-3814-Z12-013",0,"S-43",c(44.0135, 4.03086)
503,506,"Aroos Ibir","UNDP - 1997","Settlement","Bay","Baidoa","Verified",43.553631,3.0867,"NA-3802-X02-001","38NLJ3927041285",NA,"NA-3802-X02-001",0,"P-48",c(43.553631, 3.0867)
555,558,"Aw Cusman","UNDP - 2006, UNDP - 1997, FSAU","Settlement","Lower Shabelle","Wanla Weyn","Verified",44.92598,2.65502,"NA-3806-J32-002","38NMH9177293461",NA,"NA-3806-J32-002",0,"X-50",c(44.92598, 2.65502)
556,559,"Aw Dheegle","UNDP - 1997, FSAU","Town","Lower Shabelle","Afgooye","Verified",44.831348,1.97936,"NA-3810-A30-008","38NMH8124418780",NA,"NA-3810-A30-008",0,"X-54",c(44.831348, 1.97936)
559,562,"Horsed","UNDP - 2006","Part of town","Lower Shabelle","Afgooye","Verified",44.83325,1.97441,"NA-3810-A30-003","38NMH8145518233",NA,"NA-3810-A30-003",0,"X-54",c(44.83325, 1.97441)
560,563,"Malable","UNDP - 2006","Part of town","Lower Shabelle","Afgooye","Verified",44.8179,1.98398,"NA-3810-A29-001","38NMH7974819291",NA,"NA-3810-A29-001",0,"X-54",c(44.8179, 1.98398)
581,584,"Aw Mudey","UNDP - 2006","Settlement","Lower Shabelle","Wanla Weyn","Verified",44.78754,2.41869,"NA-3806-P29-001","38NMH7637967341",NA,"NA-3806-P29-001",0,"X-51",c(44.78754, 2.41869)
586,589,"Aw Riinow","UNDP - 1997","Settlement","Bay","Buur Hakaba","Verified",44.035561,2.80481,"NA-3806-E12-003","38NLJ9280410062",NA,"NA-3806-E12-003",0,"S-49",c(44.035561, 2.80481)
612,615,"Awkuule","UNDP - 2006, UNDP - 1997, FSAU","Settlement","Lower Shabelle","Wanla Weyn","Verified",44.83078,2.43788,"NA-3806-P30-017","38NMH8118669461",NA,"NA-3806-P30-017",0,"X-51",c(44.83078, 2.43788)
619,622,"Aw-Qoonle","UNDP - 2006, UNDP - 1997","Settlement","Bakool","Tayeeglow","Verified",44.57172,3.76927,"NA-3802-F24-004","38NMK5244516635",NA,"NA-3802-F24-004",0,"W-44",c(44.57172, 3.76927)
627,630,"Aw-Shiine","UNDP - 2006, UNDP - 1997","Settlement","Bay","Baidoa","Verified",43.38992,3.20749,"NA-3801-V31-010","38NLJ2109354668",NA,"NA-3801-V31-010",0,"O-47",c(43.38992, 3.20749)
632,635,"Axmed Cigoow","UNDP - 1997","Settlement","Middle Shabelle","Jowhar","Verified",45.548969,2.90973,"NA-3807-C13-004","38NNJ6100921630",NA,"NA-3807-C13-004",0,"AB-49",c(45.548969, 2.90973)
643,646,"Ay Bunay","UNDP - 2006","Settlement","Lower Shabelle","Sablaale","Verified",43.93783,1.40775,"NA-3810-Q10-008","38NLG8183555625",NA,"NA-3810-Q10-008",0,"S-56",c(43.93783, 1.40775)
649,652,"Aybutey","KEMRI - 2007, UNDP - 2006","Settlement","Lower Shabelle","Qoryooley","Verified",44.81648,1.9143,"NA-3810-C29-011","38NMH7959011589",NA,"NA-3810-C29-011",0,"X-54",c(44.81648, 1.9143)
673,676,"Baabo","UNDP - 1997","Settlement","Lower Juba","Badhaadhe","Verified",41.602901,-1.4527,"SA-3708-L25-001","37MGU8964539265",NA,"SA-3708-L25-001",0,"E-71",c(41.602901, -1.4527)
695,698,"Baalgudde","UNDP - 1997","Settlement","Lower Juba","Kismayo","Verified",42.19532,-0.49188,"SA-3801-M05-001","38MJE8779545566",NA,"SA-3801-M05-001",0,"H-66",c(42.19532, -0.49188)
700,703,"Baanlow","UNDP - 2006, FSAU","Settlement","Bay","Baidoa","Verified",43.28316,2.79677,"NA-3805-E29-001","38NLJ0915609269",NA,"NA-3805-E29-001",0,"O-49",c(43.28316, 2.79677)
757,760,"Bacadley","UNDP - 2006, UNDP - 1997","Settlement","Middle Shabelle","Balcad","Verified",45.49138,2.65573,"NA-3807-J11-002","38NNH5462093550",NA,"NA-3807-J11-002",0,"AB-50",c(45.49138, 2.65573)
780,783,"Badhaadhe","UNDP - 1997, FSAU","District Capital","Lower Juba","Badhaadhe","Verified",41.500469,-1.03537,"SA-3708-A23-001","37MGU7828385450","Badhaadhe","SA-3708-A23-001",0,"D-69",c(41.500469, -1.03537)
780,783,"Badhaadhe","UNDP - 1997, FSAU","District Capital","Lower Juba","Badhaadhe","Verified",41.500469,-1.03537,"SA-3708-A23-001","37MGU7828385450","Badhaadhe","SA-3708-A23-001",0,"D-69",c(41.500469, -1.03537)
780,783,"Badhaadhe","UNDP - 1997, FSAU","District Capital","Lower Juba","Badhaadhe","Verified",41.500469,-1.03537,"SA-3708-A23-001","37MGU7828385450","Badhaadhe","SA-3708-A23-001",0,"D-69",c(41.500469, -1.03537)
800,803,"Baidoa","UNDP - 1997, FSAU","Regional Capital","Bay","Baidoa","Verified",43.6469,3.11718,"NA-3802-X04-001","38NLJ4964144642","Baydhabo (Baidoa)","NA-3802-X04-001",0,"Q-47",c(43.6469, 3.11718)
825,828,"Bakaar Yare","UNDP - 2006, FSAU","Settlement","Bakool","Waajid","Verified",43.46766,3.6466,"NA-3801-J33-001","38NLK2981103209",NA,"NA-3801-J33-001",0,"P-45",c(43.46766, 3.6466)
833,836,"Bakal","UNDP - 2006","Settlement","Gedo","Ceel Waaq","Verified",41.47162,2.34816,"NA-3708-R22-001","37NGC7488559786",NA,"NA-3708-R22-001",0,"D-52",c(41.47162, 2.34816)
844,847,"Bakaley","UNDP - 2006","Settlement","Bay","Baidoa","Verified",43.15,2.77426,"NA-3805-F26-001","38NKJ9434506802",NA,"NA-3805-F26-001",0,"N-50",c(43.15, 2.77426)
848,851,"Bakal-Laagow","UNDP - 2006","Settlement","Bay","Baidoa","Verified",43.22427,3.01009,"NA-3801-Z27-001","38NLJ0264432869",NA,"NA-3801-Z27-001",0,"N-48",c(43.22427, 3.01009)
853,856,"Bakhtiley","UNDP - 2006, UNDP - 1997","Settlement","Gedo","Belet Xaawo","Verified",41.88793,3.62506,"NA-3704-J31-001","37NHE2085101195",NA,"NA-3704-J31-001",0,"F-45",c(41.88793, 3.62506)
863,866,"Balaaw","UNDP - 1997","Settlement","Bay","Buur Hakaba","Verified",44.183819,2.85361,"NA-3806-D16-003","38NMJ0928815444",NA,"NA-3806-D16-003",0,"T-49",c(44.183819, 2.85361)
868,871,"Balad Aamiin","UNDP - 2006","Settlement","Lower Shabelle","Wanla Weyn","Verified",44.7217,2.58285,"NA-3806-L27-001","38NMH6906385487",NA,"NA-3806-L27-001",0,"W-50",c(44.7217, 2.58285)
869,872,"Balad Raxman","UNDP - 1997","Settlement","Lower Juba","Jamaame","Verified",42.71225,0.07806,"NA-3813-Y16-006","38NKF4536208634",NA,"NA-3813-Y16-006",0,"K-63",c(42.71225, 0.07806)
869,872,"Balad Raxman","UNDP - 1997","Settlement","Lower Juba","Jamaame","Verified",42.71225,0.07806,"NA-3813-Y16-006","38NKF4536208634",NA,"NA-3813-Y16-006",0,"K-63",c(42.71225, 0.07806)
872,875,"Balado Raxma","UNDP - 1997","Settlement","Middle Juba","Jilib","Verified",42.757568,0.49547,"NA-3813-N17-006","38NKF5041854806",NA,"NA-3813-N17-006",0,"K-61",c(42.757568, 0.49547)
878,881,"Balan Baasha","UNDP - 2006","Settlement","Bay","Diinsoor","Verified",42.54641,2.26674,"NA-3805-T13-001","38NKH2710550775",NA,"NA-3805-T13-001",0,"J-52",c(42.54641, 2.26674)
891,894,"Balbaley","UNDP - 2006","Settlement","Lower Shabelle","Afgooye","Verified",45.13208776,2.159209483,"NA-3807-W03-014","38NNH1468738659",NA,"NA-3807-W03-014",0,"Z-53",c(45.13208776, 2.159209483)
968,971,"Ballow","UNDP - 1997","Settlement","Lower Shabelle","Afgooye","Verified",45.16006973,2.189674938,"NA-3807-V04-006","38NNH1779842027",NA,"NA-3807-V04-006",0,"Z-53",c(45.16006973, 2.189674938)
976,979,"Baloow","UNDP - 2006, UNDP - 1997","Settlement","Lower Shabelle","Afgooye","Verified",45.29931,2.32483,"NA-3807-S07-003","38NNH3327856968",NA,"NA-3807-S07-003",0,"AA-51",c(45.29931, 2.32483)
981,984,"Balow","UNDP - 1997","Settlement","Lower Shabelle","Qoryooley","Verified",44.427139,1.72426,"NA-3810-G21-004","38NMG3628290592",NA,"NA-3810-G21-004",0,"V-55",c(44.427139, 1.72426)
996,999,"Ban Reer","UNDP - 1997","Settlement","Bay","Qansax Dheere","Verified",43.109192,2.6118,"NA-3805-K25-002","38NKH8977988842",NA,"NA-3805-K25-002",0,"N-50",c(43.109192, 2.6118)
1001,1004,"Banaaney","UNDP - 2006, UNDP - 1997","Settlement","Middle Shabelle","Jowhar","Verified",45.51299,2.79783,"NA-3807-E12-003","38NNJ5701609259",NA,"NA-3807-E12-003",0,"AB-49",c(45.51299, 2.79783)
1020,1023,"Bandar Jediid","UNDP - 1997","Settlement","Lower Juba","Jamaame","Verified",42.609219,-0.01289,"SA-3801-A14-006","38MKE3388898574",NA,"SA-3801-A14-006",0,"K-64",c(42.609219, -0.01289)
1020,1023,"Bandar Jediid","UNDP - 1997","Settlement","Lower Juba","Jamaame","Verified",42.609219,-0.01289,"SA-3801-A14-006","38MKE3388898574",NA,"SA-3801-A14-006",0,"K-64",c(42.609219, -0.01289)
1020,1023,"Bandar Jediid","UNDP - 1997","Settlement","Lower Juba","Jamaame","Verified",42.609219,-0.01289,"SA-3801-A14-006","38MKE3388898574",NA,"SA-3801-A14-006",0,"K-64",c(42.609219, -0.01289)
1033,1036,"Bandub","UNDP - 2006","Settlement","Bay","Diinsoor","Verified",42.52098,2.24898,"NA-3805-U12-001","38NKH2427148815",NA,"NA-3805-U12-001",0,"J-52",c(42.52098, 2.24898)
1039,1042,"Banjanaay","UNDP - 2006","Settlement","Bakool","Xudur","Verified",43.92981,4.23508,"NB-3814-U10-002","38NLK8123068194",NA,"NB-3814-U10-002",0,"R-42",c(43.92981, 4.23508)
1068,1071,"Baqdaad","UNDP - 2006, UNDP - 1997","Settlement","Middle Shabelle","Balcad","Verified",45.50352,2.61284,"NA-3807-K12-004","38NNH5597288810",NA,"NA-3807-K12-004",0,"AB-50",c(45.50352, 2.61284)
1077,1080,"Bar Baar Ees","UNDP - 2006","Settlement","Gedo","Luuq","Verified",42.86368,3.44891,"NA-3801-P20-001","38NKJ6265381479",NA,"NA-3801-P20-001",0,"L-46",c(42.86368, 3.44891)
1083,1086,"Bar Muumin Dhoorow","UNDP - 2006, UNDP - 1997, FSAU","Settlement","Middle Juba","Saakow","Verified",42.378201,1.85023,"NA-3809-D09-001","38NKH0830804722",NA,"NA-3809-D09-001",0,"I-54",c(42.378201, 1.85023)
1093,1096,"Baraawe","UNDP - 1997, FSAU","District Capital","Lower Shabelle","Baraawe","Verified",44.03043,1.11477,"NA-3810-X12-006","38NLG9212623233","Baraawe","NA-3810-X12-006",0,"S-58",c(44.03043, 1.11477)
1150,1153,"Baladurahma","UNDP - 2006, UNDP - 1997","Settlement","Lower Shabelle","Afgooye","Verified",45.265316,2.297994,"NA-3807-S06-003","38NNH2949954001",NA,"NA-3807-S06-003",0,"Z-52",c(45.265316, 2.297994)
1161,1164,"Bayaxaaw","UNDP - 1997, FSAU","Settlement","Middle Shabelle","Jowhar","Verified",45.502319,2.74011,"NA-3807-G12-003","38NNJ5583202878",NA,"NA-3807-G12-003",0,"AB-50",c(45.502319, 2.74011)
1169,1172,"Bedanbedey","UNDP - 1997","Settlement","Bay","Baidoa","Verified",43.466049,3.03188,"NA-3801-Z33-006","38NLJ2952635237",NA,"NA-3801-Z33-006",0,"P-48",c(43.466049, 3.03188)
1193,1196,"Beermaasi","UNDP - 1997","Settlement","Lower Juba","Kismayo","Verified",42.123829,-0.67362,"SA-3801-S03-001","38MJE7984025450",NA,"SA-3801-S03-001",0,"H-67",c(42.123829, -0.67362)
1234,1237,"Beled Muddey","UNDP - 1997","Settlement","Lower Shabelle","Baraawe","Verified",44.02039,1.19657,"NA-3810-V12-002","38NLG9101232276",NA,"NA-3810-V12-002",0,"S-57",c(44.02039, 1.19657)
1245,1248,"Belet Xaawo","UNDP - 1997","District Capital","Gedo","Belet Xaawo","Verified",41.89431,3.78074,"NA-3704-F31-001","37NHE2150418427","Belet Xaawo","NA-3704-F31-001",0,"G-44",c(41.89431, 3.78074)
1261,1264,"Benlow Yare","UNDP - 2006","Settlement","Bay","Baidoa","Verified",43.25297,2.81326,"NA-3805-E28-004","38NLJ0580111097",NA,"NA-3805-E28-004",0,"O-49",c(43.25297, 2.81326)
1261,1264,"Benlow Yare","UNDP - 2006","Settlement","Bay","Baidoa","Verified",43.25297,2.81326,"NA-3805-E28-004","38NLJ0580111097",NA,"NA-3805-E28-004",0,"O-49",c(43.25297, 2.81326)
1277,1280,"Berdale","UNDP - 1997","Settlement","Bay","Baidoa","Verified",43.198048,3.214367,"NA-3801-U27-004","38NKJ9976855464",NA,"NA-3801-U27-004",0,"N-47",c(43.198048, 3.214367)
1277,1280,"Berdale","UNDP - 1997","Settlement","Bay","Baidoa","Verified",43.198048,3.214367,"NA-3801-U27-004","38NKJ9976855464",NA,"NA-3801-U27-004",0,"N-47",c(43.198048, 3.214367)
1349,1352,"Bioyooley","UNDP - 2006, UNDP - 1997, FSAU","Settlement","Bakool","Tayeeglow","Verified",44.42142,3.9359,"NA-3802-B21-003","38NMK3576835064",NA,"NA-3802-B21-003",0,"U-43",c(44.42142, 3.9359)
1349,1352,"Bioyooley","UNDP - 2006, UNDP - 1997, FSAU","Settlement","Bakool","Tayeeglow","Verified",44.42142,3.9359,"NA-3802-B21-003","38NMK3576835064",NA,"NA-3802-B21-003",0,"U-43",c(44.42142, 3.9359)
1376,1379,"Biyi-Guur","UNDP - 2006","Settlement","Bay","Baidoa","Verified",43.38275,3.28554,"NA-3801-T31-006","38NLJ2031063300",NA,"NA-3801-T31-006",0,"O-46",c(43.38275, 3.28554)
1377,1380,"Biyo Cadde","UNDP - 1997","Settlement","Middle Shabelle","Jowhar","Verified",45.327782,2.81111,"NA-3807-E08-001","38NNJ3643010719",NA,"NA-3807-E08-001",0,"AA-49",c(45.327782, 2.81111)
1390,1393,"Biyo Yare","UNDP - 1997","Settlement","Lower Juba","Kismayo","Verified",42.618752,-0.2264,"SA-3801-F14-003","38MKE3495174954",NA,"SA-3801-F14-003",0,"K-65",c(42.618752, -0.2264)
1433,1436,"Boholey","UNDP - 2006","Settlement","Bay","Baidoa","Verified",43.54379,3.12322,"NA-3802-X01-010","38NLJ3818145325",NA,"NA-3802-X01-010",0,"P-48",c(43.54379, 3.12322)
1573,1576,"Bulo Fur","FSAU","Settlement","Bay","Qansax Dheere","Verified",43.07593,2.90166,"NA-3805-C24-001","38NKJ8613120905",NA,"NA-3805-C24-001",0,"N-49",c(43.07593, 2.90166)
1623,1626,"Bulo Nur","UNDP - 1997","Settlement","Middle Shabelle","Jowhar","Verified",45.521599,2.9278,"NA-3807-B12-004","38NNJ5796623626",NA,"NA-3807-B12-004",0,"AB-49",c(45.521599, 2.9278)
1644,1647,"Bulo Shiiqaal","UNDP - 2006","Settlement","Lower Shabelle","Qoryooley","Verified",44.57266,1.81035,"NA-3810-E24-003","38NMH5247000104",NA,"NA-3810-E24-003",0,"W-54",c(44.57266, 1.81035)
1647,1650,"Bulo Siimow","UNDP - 2006, UNDP - 1997","Settlement","Lower Shabelle","Qoryooley","Verified",44.52763,1.75605,"NA-3810-F23-003","38NMG4746094103",NA,"NA-3810-F23-003",0,"V-55",c(44.52763, 1.75605)
1667,1670,"Caanoole","UNDP - 1997","Settlement","Middle Juba","Bu'aale","Verified",42.582802,1.08129,"NA-3809-Y13-002","38NKG3099319622",NA,"NA-3809-Y13-002",0,"K-58",c(42.582802, 1.08129)
1694,1697,"Bulohadamo","FSAU","Settlement","Bay","Baidoa","Verified",43.13613,2.72543,"NA-3805-G25-003","38NKJ9279401404",NA,"NA-3805-G25-003",0,"N-50",c(43.13613, 2.72543)
1796,1799,"Busatale","UNDP - 2006","Settlement","Middle Shabelle","Balcad","Verified",45.3885,2.50034,"NA-3807-M09-001","38NNH4318976370",NA,"NA-3807-M09-001",0,"AA-51",c(45.3885, 2.50034)
1800,1803,"Busley","UNDP - 2006, UNDP - 1997","Settlement","Bay","Baidoa","Verified",43.52275,3.17256,"NA-3802-V01-008","38NLJ3585150783",NA,"NA-3802-V01-008",0,"P-48",c(43.52275, 3.17256)
1805,1808,"Busley","UNDP - 1997","Settlement","Lower Shabelle","Qoryooley","Verified",44.52977,1.76934,"NA-3810-F23-010","38NMG4769995572",NA,"NA-3810-F23-010",0,"V-55",c(44.52977, 1.76934)
1805,1808,"Busley","UNDP - 1997","Settlement","Lower Shabelle","Qoryooley","Verified",44.52977,1.76934,"NA-3810-F23-010","38NMG4769995572",NA,"NA-3810-F23-010",0,"V-55",c(44.52977, 1.76934)
1807,1810,"Busley","UNDP - 2006, FSAU","Settlement","Bakool","Xudur","Verified",44.09402,4.0202,"NB-3814-Z14-001","38NLK9942944415",NA,"NB-3814-Z14-001",0,"T-43",c(44.09402, 4.0202)
1808,1811,"Busley Da'Ud","KEMRI - 2007, UNDP - 2006, UNDP - 1997","Settlement","Lower Shabelle","Qoryooley","Verified",44.74682,1.85304,"NA-3810-D28-008","38NMH7184104819",NA,"NA-3810-D28-008",0,"W-54",c(44.74682, 1.85304)
1812,1815,"Busul","UNDP - 2006","Settlement","Bay","Baidoa","Verified",43.58208,3.55647,"NA-3802-L02-005","38NLJ4250693222",NA,"NA-3802-L02-005",0,"Q-45",c(43.58208, 3.55647)
1835,1838,"Buullo Makiino","UNDP - 2006","Part of town","Middle Shabelle","Jowhar","Verified",45.50234,2.77849,"NA-3807-F12-009","38NNJ5583307120",NA,"NA-3807-F12-009",0,"AB-50",c(45.50234, 2.77849)
1916,1919,"Buulo Fajir","UNDP - 1997","Settlement","Bakool","Xudur","Verified",44.275558,3.97529,"NA-3802-A18-001","38NMK1957839431",NA,"NA-3802-A18-001",0,"U-43",c(44.275558, 3.97529)
1923,1926,"Buulo Fuur","UNDP - 2006","Settlement","Bay","Baidoa","Verified",43.2809,3.20252,"NA-3801-V29-001","38NLJ0897554138",NA,"NA-3801-V29-001",0,"O-47",c(43.2809, 3.20252)
1926,1929,"Buulo Fuur","UNDP - 2006","Settlement","Bay","Qansax Dheere","Verified",42.8355,2.66522,"NA-3805-J19-002","38NKH5934694800",NA,"NA-3805-J19-002",0,"L-50",c(42.8355, 2.66522)
1931,1934,"Buulo Gadud","UNDP - 2006, UNDP - 1997","Settlement","Bay","Diinsoor","Verified",42.7929,2.40692,"NA-3805-Q18-001","38NKH5455966237",NA,"NA-3805-Q18-001",0,"L-51",c(42.7929, 2.40692)
1934,1937,"Buulo Gaduud","UNDP - 2006, UNDP - 1997","Settlement","Gedo","Baardheere","Verified",42.23469,2.13328,"NA-3805-W06-002","38NJH9238236069",NA,"NA-3805-W06-002",0,"H-53",c(42.23469, 2.13328)
1951,1954,"Buulo Garas","UNDP - 1997","Settlement","Middle Shabelle","Jowhar","Verified",45.644619,2.78963,"NA-3807-F15-010","38NNJ7164708359",NA,"NA-3807-F15-010",0,"AC-49",c(45.644619, 2.78963)
2010,2013,"Buulo Kuunto","UNDP - 2006","Settlement","Middle Shabelle","Balcad","Verified",45.3341,2.33246,"NA-3807-S08-006","38NNH3714657812",NA,"NA-3807-S08-006",0,"AA-51",c(45.3341, 2.33246)
2020,2023,"Buulo Madow","UNDP - 2006","Settlement","Lower Shabelle","Qoryooley","Verified",44.52485,1.7658,"NA-3810-F23-008","38NMG4715295181",NA,"NA-3810-F23-008",0,"V-55",c(44.52485, 1.7658)
2024,2027,"Buulo Mareer","UNDP - 2006, UNDP - 1997","Settlement","Lower Shabelle","Marka","Verified",44.52252,1.63335,"NA-3810-J23-002","38NMG4688980541",NA,"NA-3810-J23-002",0,"V-55",c(44.52252, 1.63335)
2043,2046,"Buulo Nuurow","UNDP - 2006","Settlement","Bay","Baidoa","Verified",43.28937,3.05353,"NA-3801-Y29-016","38NLJ0988937661",NA,"NA-3801-Y29-016",0,"O-48",c(43.28937, 3.05353)
2047,2050,"Buulo Oon Jirre","UNDP - 1997","Settlement","Bay","Qansax Dheere","Verified",43.09621,3.04438,"NA-3801-Y25-014","38NKJ8841336685",NA,"NA-3801-Y25-014",0,"N-48",c(43.09621, 3.04438)
2070,2073,"Buulo Shiiq","UNDP - 2006, FSAU","Settlement","Lower Shabelle","Sablaale","Verified",43.71338,1.17952,"NA-3810-V05-004","38NLG5684930405",NA,"NA-3810-V05-004",0,"Q-57",c(43.71338, 1.17952)
2103,2106,"Buulo Xaaji Cisman","KEMRI - 2007","Settlement","Lower Shabelle","Marka","Verified",44.79915,1.85272,"NA-3810-D29-008","38NMH7766104783",NA,"NA-3810-D29-008",0,"X-54",c(44.79915, 1.85272)
2106,2109,"Buulo Xaawo","UNDP - 2006","Settlement","Bay","Baidoa","Verified",43.1365,3.05482,"NA-3801-Y26-005","38NKJ9289537832",NA,"NA-3801-Y26-005",0,"N-48",c(43.1365, 3.05482)
2109,2112,"Buulo Xuji","UNDP - 2006","Settlement","Bay","Baidoa","Verified",43.29131,3.04702,"NA-3801-Y29-011","38NLJ1010436940",NA,"NA-3801-Y29-011",0,"O-48",c(43.29131, 3.04702)
2112,2115,"Buulo Yarow","UNDP - 2006","Settlement","Lower Shabelle","Marka","Verified",44.62206135,1.728176822,"NA-3810-G25-012","38NMG5796391020",NA,"NA-3810-G25-012",0,"W-55",c(44.62206135, 1.728176822)
2113,2116,"Buulo Yaroy","UNDP - 2006","Settlement","Bay","Baidoa","Verified",43.1445,3.05893,"NA-3801-Y26-004","38NKJ9378538285",NA,"NA-3801-Y26-004",0,"N-48",c(43.1445, 3.05893)
2141,2144,"Buulo-Ciir","UNDP - 2006, FSAU","Settlement","Bay","Baidoa","Verified",43.221,2.76285,"NA-3805-F27-001","38NLJ0223805528",NA,"NA-3805-F27-001",0,"N-50",c(43.221, 2.76285)
2149,2152,"Buulo-Doonka","UNDP - 2006, UNDP - 1997","Settlement","Middle Shabelle","Balcad","Verified",45.47574,2.48194,"NA-3807-N11-008","38NNH5288974340",NA,"NA-3807-N11-008",0,"AB-51",c(45.47574, 2.48194)
2158,2161,"Buulo-Fulay","UNDP - 2006, UNDP - 1997","Settlement","Bay","Buur Hakaba","Verified",43.52329,2.11064,"NA-3806-X01-007","38NLH3577133368",NA,"NA-3806-X01-007",0,"P-53",c(43.52329, 2.11064)
2184,2187,"Buulo-Jadiid","UNDP - 2006","Settlement","Bay","Baidoa","Verified",43.42939,3.25457,"NA-3801-T32-005","38NLJ2548859867",NA,"NA-3801-T32-005",0,"P-47",c(43.42939, 3.25457)
2244,2247,"Buur Dhajis","UNDP - 1997","Settlement","Bay","Buur Hakaba","Verified",44.191212,3.01828,"NA-3802-Z16-001","38NMJ1012333647",NA,"NA-3802-Z16-001",0,"T-48",c(44.191212, 3.01828)
2246,2249,"Buur Dhuxunle","UNDP - 2006, UNDP - 1997, FSAU","Settlement","Bakool","Rab Dhuure","Verified",43.24708,4.05523,"NB-3813-Y28-001","38NLK0539848442",NA,"NB-3813-Y28-001",0,"N-43",c(43.24708, 4.05523)
2246,2249,"Buur Dhuxunle","UNDP - 2006, UNDP - 1997, FSAU","Settlement","Bakool","Rab Dhuure","Verified",43.24708,4.05523,"NB-3813-Y28-001","38NLK0539848442",NA,"NB-3813-Y28-001",0,"N-43",c(43.24708, 4.05523)
2246,2249,"Buur Dhuxunle","UNDP - 2006, UNDP - 1997, FSAU","Settlement","Bakool","Rab Dhuure","Verified",43.24708,4.05523,"NB-3813-Y28-001","38NLK0539848442",NA,"NB-3813-Y28-001",0,"N-43",c(43.24708, 4.05523)
2246,2249,"Buur Dhuxunle","UNDP - 2006, UNDP - 1997, FSAU","Settlement","Bakool","Rab Dhuure","Verified",43.24708,4.05523,"NB-3813-Y28-001","38NLK0539848442",NA,"NB-3813-Y28-001",0,"N-43",c(43.24708, 4.05523)
2252,2255,"Buur Hakaba","UNDP - 1997, FSAU","District Capital","Bay","Buur Hakaba","Verified",44.08205,2.80488,"NA-3806-E13-007","38NLJ9797210065","Buurhakaba","NA-3806-E13-007",0,"S-49",c(44.08205, 2.80488)
2252,2255,"Buur Hakaba","UNDP - 1997, FSAU","District Capital","Bay","Buur Hakaba","Verified",44.08205,2.80488,"NA-3806-E13-007","38NLJ9797210065","Buurhakaba","NA-3806-E13-007",0,"S-49",c(44.08205, 2.80488)
2266,2269,"Buur-Cadey","UNDP - 2006, UNDP - 1997, FSAU","Settlement","Bakool","Rab Dhuure","Verified",43.34648,4.07754,"NB-3813-Y30-003","38NLK1644150886",NA,"NB-3813-Y30-003",0,"O-42",c(43.34648, 4.07754)
2269,2272,"Buurey","UNDP - 2006","Settlement","Bay","Baidoa","Verified",43.4694,3.31584,"NA-3801-S33-007","38NLJ2994566635",NA,"NA-3801-S33-007",0,"P-47",c(43.4694, 3.31584)
2310,2313,"Cabdi Cali","UNDP - 2006, UNDP - 1997, FSAU","Settlement","Lower Shabelle","Qoryooley","Verified",44.48592,1.74988,"NA-3810-G22-011","38NMG4282193422",NA,"NA-3810-G22-011",0,"V-55",c(44.48592, 1.74988)
2339,2342,"Cabuur","UNDP - 2006","Settlement","Middle Shabelle","Jowhar","Verified",45.74482,2.95488,"NA-3807-B17-005","38NNJ8277226633",NA,"NA-3807-B17-005",0,"AC-48",c(45.74482, 2.95488)
2427,2430,"Calaame","UNDP - 1997","Settlement","Bakool","Rab Dhuure","Verified",43.151001,4.3797,"NB-3813-Q26-001","38NKK9481484350",NA,"NB-3813-Q26-001",0,"N-41",c(43.151001, 4.3797)
2435,2438,"Cali Baadi","UNDP - 2006, FSAU","Settlement","Bay","Baidoa","Verified",43.13467,3.40838,"NA-3801-Q25-001","38NKJ9276376933",NA,"NA-3801-Q25-001",0,"N-46",c(43.13467, 3.40838)
2536,2539,"Cali-Dheer","UNDP - 2006, UNDP - 1997","Settlement","Middle Shabelle","Jowhar","Verified",45.44202,2.90618,"NA-3807-C10-003","38NNJ4912321232",NA,"NA-3807-C10-003",0,"AB-49",c(45.44202, 2.90618)
2557,2560,"Caliyow-Muumin","UNDP - 2006, UNDP - 1997, FSAU","Settlement","Bay","Baidoa","Verified",43.51587,2.98528,"NA-3806-A01-006","38NLJ3505730077",NA,"NA-3806-A01-006",0,"P-49",c(43.51587, 2.98528)
2609,2612,"Caracase","UNDP - 1997","Settlement","Bakool","Waajid","Verified",43.5326,3.748,"NA-3802-G01-001","38NLK3704414408",NA,"NA-3802-G01-001",0,"P-45",c(43.5326, 3.748)
2652,2655,"Carshaanley","UNDP - 2006","Settlement","Lower Shabelle","Baraawe","Verified",43.90815,1.10704,"NA-3810-X09-001","38NLG7851922383",NA,"NA-3810-X09-001",0,"R-58",c(43.90815, 1.10704)
2705,2708,"Ceel Boon","UNDP - 2006, FSAU","Settlement","Gedo","Luuq","Verified",42.91011,3.72838,"NA-3801-G21-001","38NKK6788512379",NA,"NA-3801-G21-001",0,"M-44",c(42.91011, 3.72838)
2705,2708,"Ceel Boon","UNDP - 2006, FSAU","Settlement","Gedo","Luuq","Verified",42.91011,3.72838,"NA-3801-G21-001","38NKK6788512379",NA,"NA-3801-G21-001",0,"M-44",c(42.91011, 3.72838)
2749,2752,"Ceel Geelow","UNDP - 2006","Settlement","Middle Shabelle","Balcad","Verified",45.36218,2.51586,"NA-3807-M08-006","38NNH4026378085",NA,"NA-3807-M08-006",0,"AA-50",c(45.36218, 2.51586)
2837,2840,"Ceeldheere","FSAU","Settlement","Bakool","Rab Dhuure","Verified",43.16699,4.18806,"NB-3813-V26-001","38NKK9653863152",NA,"NB-3813-V26-001",0,"N-42",c(43.16699, 4.18806)
2842,2845,"Ceel-Dhun (Adeegow)","UNDP - 2006","Settlement","Bay","Baidoa","Verified",43.25189,3.24187,"NA-3801-U28-002","38NLJ0575858495",NA,"NA-3801-U28-002",0,"N-47",c(43.25189, 3.24187)
2918,2921,"Damaley","UNDP - 2006, UNDP - 1997","Settlement","Middle Shabelle","Balcad","Verified",45.487086,2.508118,"NA-3807-M11-001","38NNH5414977234",NA,"NA-3807-M11-001",0,"AB-51",c(45.487086, 2.508118)
2953,2956,"Dani","UNDP - 1997","Settlement","Lower Shabelle","Wanla Weyn","Verified",45.110249,2.7958,"NA-3807-E03-001","38NNJ1225309022",NA,"NA-3807-E03-001",0,"Y-49",c(45.110249, 2.7958)
2971,2974,"Daraley","UNDP - 2006","Part of town","Lower Shabelle","Baraawe","Verified",44.03311,1.12074,"NA-3810-X12-009","38NLG9242423893",NA,"NA-3810-X12-009",0,"S-58",c(44.03311, 1.12074)
2990,2993,"Dareersin 1","UNDP - 2006, FSAU","Settlement","Bakool","Tayeeglow","Verified",44.34958,3.91586,"NA-3802-C19-005","38NMK2779032854",NA,"NA-3802-C19-005",0,"U-43",c(44.34958, 3.91586)
3078,3081,"Daarasalaam","UNDP - 2006","Settlement","Gedo","Baardheere","Verified",41.07459,1.95362,"NA-3712-B13-001","37NGC3076716077",NA,"NA-3712-B13-001",0,"B-54",c(41.07459, 1.95362)
3083,3086,"Daarta","UNDP - 2006","Settlement","Bay","Qansax Dheere","Verified",42.79731,2.80091,"NA-3805-E18-001","38NKJ5512609817",NA,"NA-3805-E18-001",0,"L-49",c(42.79731, 2.80091)
3139,3142,"Dacaraha","UNDP - 2006","Settlement","Lower Shabelle","Kurtunwaarey","Verified",44.13643,1.55556,"NA-3810-L15-002","38NMG0393771956",NA,"NA-3810-L15-002",0,"T-56",c(44.13643, 1.55556)
3190,3193,"Dawoole","UNDP - 2006","Settlement","Lower Shabelle","Sablaale","Verified",44.08324,1.42402,"NA-3810-P13-002","38NLG9801457417",NA,"NA-3810-P13-002",0,"S-56",c(44.08324, 1.42402)
3203,3206,"Daynuunay","UNDP - 1997","Settlement","Bay","Baidoa","Verified",43.796879,3.03985,"NA-3802-Z07-005","38NLJ6630036072",NA,"NA-3802-Z07-005",0,"R-48",c(43.796879, 3.03985)
3249,3252,"Deg-Gomor","UNDP - 2006, FSAU","Settlement","Bay","Diinsoor","Verified",42.86446,2.47586,"NA-3805-N20-001","38NKH6253373849",NA,"NA-3805-N20-001",0,"L-51",c(42.86446, 2.47586)
3266,3269,"Docoley","UNDP - 2006","Settlement","Middle Shabelle","Balcad","Verified",45.46053,2.57554,"NA-3807-L11-002","38NNH5119484685",NA,"NA-3807-L11-002",0,"AB-51",c(45.46053, 2.57554)
3270,3273,"Doffe","UNDP - 1997","Settlement","Middle Juba","Saakow","Verified",42.399799,1.6818,"NA-3809-H09-003","38NKG1068686082",NA,"NA-3809-H09-003",0,"I-55",c(42.399799, 1.6818)
3315,3318,"Doon Buraale","UNDP - 2006, UNDP - 1997, FSAU","Settlement","Lower Shabelle","Qoryooley","Verified",44.44383,1.72559,"NA-3810-G21-005","38NMG3813990739",NA,"NA-3810-G21-005",0,"V-55",c(44.44383, 1.72559)
3503,3506,"Dharkaynley","UNDP - 1997","Settlement","Lower Shabelle","Qoryooley","Verified",44.49749,1.77908,"NA-3810-F22-011","38NMG4410996650",NA,"NA-3810-F22-011",0,"V-55",c(44.49749, 1.77908)
3533,3536,"Dhayaal","UNDP - 2006","Settlement","Bay","Baidoa","Verified",43.24492,3.17356,"NA-3801-V28-002","38NLJ0497050942",NA,"NA-3801-V28-002",0,"O-47",c(43.24492, 3.17356)
3600,3603,"Dhinawe","UNDP - 2006, FSAU","Settlement","Bakool","Tayeeglow","Verified",44.64138,3.97077,"NA-3802-A26-002","38NMK6018938905",NA,"NA-3802-A26-002",0,"W-43",c(44.64138, 3.97077)
3625,3628,"Dhoomey","UNDP - 2006","Settlement","Middle Shabelle","Jowhar","Verified",45.5407,2.86691,"NA-3807-D12-009","38NNJ6009216896",NA,"NA-3807-D12-009",0,"AB-49",c(45.5407, 2.86691)
3637,3640,"Dhuboy","UNDP - 1997","Settlement","Bay","Baidoa","Verified",43.450851,3.04098,"NA-3801-Z32-010","38NLJ2783836246",NA,"NA-3801-Z32-010",0,"P-48",c(43.450851, 3.04098)
3689,3692,"Dhuurey","UNDP - 2006, UNDP - 1997","Settlement","Bakool","Rab Dhuure","Verified",42.91916,4.26193,"NB-3813-T21-001","38NKK6904071391",NA,"NB-3813-T21-001",0,"L-42",c(42.91916, 4.26193)
3720,3723,"Dif","FSAU","Settlement","Lower Juba","Afmadow","Verified",41.06157,0.96249,"NA-3716-A13-001","37NGB2941806453",NA,"NA-3716-A13-001",0,"B-59",c(41.06157, 0.96249)
3723,3726,"Digto","UNDP - 1997","Settlement","Bay","Baidoa","Verified",44.2327,3.3015,"NA-3802-S17-001","38NMJ1475664951",NA,"NA-3802-S17-001",0,"T-47",c(44.2327, 3.3015)
3732,3735,"Diinlaawe","UNDP - 2006, UNDP - 1997","Settlement","Middle Shabelle","Jowhar","Verified",45.5098,3.04123,"NA-3803-Z12-002","38NNJ5664936163",NA,"NA-3803-Z12-002",0,"AB-48",c(45.5098, 3.04123)
3737,3740,"Diinsoor","UNDP - 1997, FSAU","District Capital","Bay","Diinsoor","Verified",42.976551,2.40735,"NA-3805-Q22-003","38NKH7499166253","Diinsoor","NA-3805-Q22-003",0,"M-51",c(42.976551, 2.40735)
3742,3745,"Xawo Tako","UNDP - 2006","Part of town","Bay","Diinsoor","Verified",42.9768,2.40526,"NA-3805-Q22-001","38NKH7501866021",NA,"NA-3805-Q22-001",0,"M-51",c(42.9768, 2.40526)
3782,3785,"Doygab","INGO - 2010","Settlement","Bakool","Xudur","Unverified",44.19407249,3.956744719,"NA-3802-B16-002","38NMK1052937389",NA,"NA-3802-B16-002",0,"T-43",c(44.19407249, 3.956744719)
3788,3791,"Dubi Gas","UNDP - 2006","Settlement","Bay","Baidoa","Verified",43.49606,3.38531,"NA-3801-Q33-005","38NLJ3292074312",NA,"NA-3801-Q33-005",0,"P-46",c(43.49606, 3.38531)
3817,3820,"Dugow-Dugow","UNDP - 2006","Settlement","Bay","Baidoa","Verified",43.5314,3.13873,"NA-3802-W01-015","38NLJ3680747041",NA,"NA-3802-W01-015",0,"P-48",c(43.5314, 3.13873)
3854,3857,"Dure Emed","UNDP - 1997","Settlement","Bay","Qansax Dheere","Verified",42.929741,2.83366,"NA-3805-D21-001","38NKJ6986113412",NA,"NA-3805-D21-001",0,"M-49",c(42.929741, 2.83366)
3864,3867,"Dusta","UNDP - 1997","Settlement","Bay","Baidoa","Verified",43.338131,2.96734,"NA-3805-A30-003","38NLJ1529528121",NA,"NA-3805-A30-003",0,"O-48",c(43.338131, 2.96734)
3875,3878,"Duuray","UNDP - 2006","Settlement","Bay","Qansax Dheere","Verified",42.9288,2.83263,"NA-3805-E21-004","38NKJ6975613299",NA,"NA-3805-E21-004",0,"M-49",c(42.9288, 2.83263)
3878,3881,"Duurey","UNDP - 2006","Settlement","Bay","Baidoa","Verified",43.4108,2.95183,"NA-3805-B32-007","38NLJ2337226394",NA,"NA-3805-B32-007",0,"O-48",c(43.4108, 2.95183)
3902,3905,"Eedkiyaal","UNDP - 2006","Settlement","Bakool","Xudur","Verified",44.01562,4.00345,"NB-3814-Z12-005","38NLK9072342574",NA,"NB-3814-Z12-005",0,"S-43",c(44.01562, 4.00345)
3975,3978,"El Garas","UNDP - 2006, UNDP - 1997, FSAU","Settlement","Bakool","Xudur","Verified",44.21327,4.1514,"NB-3814-W16-001","38NMK1268258905",NA,"NB-3814-W16-001",0,"T-42",c(44.21327, 4.1514)
4112,4115,"Far Janno","UNDP - 2006","Settlement","Lower Shabelle","Sablaale","Verified",43.72362,1.17803,"NA-3810-V05-003","38NLG5798830240",NA,"NA-3810-V05-003",0,"Q-57",c(43.72362, 1.17803)
4159,4162,"Farxaane","UNDP - 2006, UNDP - 1997","Settlement","Lower Shabelle","Qoryooley","Verified",44.52132,1.75139,"NA-3810-F23-002","38NMG4675893588",NA,"NA-3810-F23-002",0,"V-55",c(44.52132, 1.75139)
4201,4204,"Fool Feyle","UNDP - 2006","Settlement","Bay","Baidoa","Verified",43.15472,3.03377,"NA-3801-Z26-004","38NKJ9491635500",NA,"NA-3801-Z26-004",0,"N-48",c(43.15472, 3.03377)
4261,4264,"Gaaloolow","UNDP - 1997","Settlement","Bay","Baidoa","Verified",43.554531,3.30225,"NA-3802-S02-001","38NLJ3940365118",NA,"NA-3802-S02-001",0,"P-47",c(43.554531, 3.30225)
4320,4323,"Gaduuday","UNDP - 1997, FSAU","Settlement","Bay","Diinsoor","Verified",42.583519,1.83831,"NA-3809-D13-001","38NKH3116303371",NA,"NA-3809-D13-001",0,"K-54",c(42.583519, 1.83831)
4415,4418,"Galoole","UNDP - 2006","Settlement","Bay","Baidoa","Verified",43.80567,3.59264,"NA-3802-K07-005","38NLJ6735097186",NA,"NA-3802-K07-005",0,"R-45",c(43.80567, 3.59264)
4425,4428,"Galooley","UNDP - 2006, UNDP - 1997","Settlement","Middle Juba","Saakow","Verified",42.57114,1.82279,"NA-3809-E13-003","38NKH2978301656",NA,"NA-3809-E13-003",0,"K-54",c(42.57114, 1.82279)
4540,4543,"Garas Weyne","UNDP - 2006, UNDP - 1997","Settlement","Lower Shabelle","Afgooye","Verified",45.24974,2.33778,"NA-3807-R06-001","38NNH2776658398",NA,"NA-3807-R06-001",0,"Z-52",c(45.24974, 2.33778)
4541,4544,"Garas Wiine","UNDP - 2006, UNDP - 1997","Settlement","Bakool","Xudur","Verified",43.48478,4.26505,"NB-3813-T33-001","38NLK3183871590",NA,"NB-3813-T33-001",0,"P-42",c(43.48478, 4.26505)
4541,4544,"Garas Wiine","UNDP - 2006, UNDP - 1997","Settlement","Bakool","Xudur","Verified",43.48478,4.26505,"NB-3813-T33-001","38NLK3183871590",NA,"NB-3813-T33-001",0,"P-42",c(43.48478, 4.26505)
4565,4568,"Garasley","UNDP - 1997","Settlement","Lower Shabelle","Afgooye","Verified",45.24847,2.42005,"NA-3807-P06-002","38NNH2762467492",NA,"NA-3807-P06-002",0,"AA-51",c(45.24847, 2.42005)
4579,4582,"Garas-Wayn","UNDP - 2006","Settlement","Lower Shabelle","Baraawe","Verified",43.68728,0.9581,"NA-3814-B05-001","38NLG5393405926",NA,"NA-3814-B05-001",0,"Q-58",c(43.68728, 0.9581)
4583,4586,"Garawlay","UNDP - 2006, UNDP - 1997, FSAU","Settlement","Lower Shabelle","Kurtunwaarey","Verified",44.29532,1.65594,"NA-3810-J18-003","38NMG2161783045",NA,"NA-3810-J18-003",0,"U-55",c(44.29532, 1.65594)
4610,4613,"Garfale","UNDP - 2006","Settlement","Lower Shabelle","Wanla Weyn","Verified",45.0429,2.636,"NA-3807-J01-004","38NNH0476891359",NA,"NA-3807-J01-004",0,"Y-50",c(45.0429, 2.636)
4640,4643,"Garsaale","UNDP - 2006, UNDP - 1997, FSAU","Settlement","Middle Shabelle","Balcad","Verified",45.37315,2.63631,"NA-3807-J09-002","38NNH4147891399",NA,"NA-3807-J09-002",0,"AA-50",c(45.37315, 2.63631)
4651,4654,"Garshiin","UNDP - 1997","Settlement","Lower Shabelle","Marka","Verified",44.725769,1.77849,"NA-3810-F27-011","38NMG6949996579",NA,"NA-3810-F27-011",0,"W-54",c(44.725769, 1.77849)
4697,4700,"Geed Bured","UNDP - 2006, UNDP - 1997","Settlement","Bakool","Xudur","Verified",43.84751,3.92481,"NA-3802-B08-002","38NLK7204633904",NA,"NA-3802-B08-002",0,"R-44",c(43.84751, 3.92481)
4765,4768,"Gershiine","KEMRI - 2007","Settlement","Lower Shabelle","Marka","Verified",44.70168,1.7767,"NA-3810-F27-009","38NMG6682096382",NA,"NA-3810-F27-009",0,"W-54",c(44.70168, 1.7767)
4902,4905,"Gol-Weyn","KEMRI - 2007, UNDP - 2006, UNDP - 1997","Settlement","Lower Shabelle","Marka","Verified",44.57828,1.65667,"NA-3810-J24-004","38NMG5309283117",NA,"NA-3810-J24-004",0,"W-55",c(44.57828, 1.65667)
4931,4934,"Goob-Weyne","UNDP - 2006, UNDP - 1997, FSAU","Settlement","Bay","Baidoa","Verified",43.5833,3.23856,"NA-3802-U02-011","38NLJ4259058071",NA,"NA-3802-U02-011",0,"P-47",c(43.5833, 3.23856)
4940,4943,"Goof Guduud","UNDP - 1997, FSAU","Settlement","Bay","Baidoa","Verified",43.473148,3.31817,"NA-3801-S33-002","38NLJ3036266892",NA,"NA-3801-S33-002",0,"P-47",c(43.473148, 3.31817)
4940,4943,"Goof Guduud","UNDP - 1997, FSAU","Settlement","Bay","Baidoa","Verified",43.473148,3.31817,"NA-3801-S33-002","38NLJ3036266892",NA,"NA-3801-S33-002",0,"P-47",c(43.473148, 3.31817)
4940,4943,"Goof Guduud","UNDP - 1997, FSAU","Settlement","Bay","Baidoa","Verified",43.473148,3.31817,"NA-3801-S33-002","38NLJ3036266892",NA,"NA-3801-S33-002",0,"P-47",c(43.473148, 3.31817)
4941,4944,"Goof Yarow","UNDP - 2006","Settlement","Bay","Baidoa","Verified",43.29882,3.05862,"NA-3801-Y29-005","38NLJ1094138222",NA,"NA-3801-Y29-005",0,"O-48",c(43.29882, 3.05862)
4965,4968,"Goorisine","UNDP - 2006, UNDP - 1997, FSAU","Settlement","Bay","Baidoa","Verified",43.4188,2.94519,"NA-3805-B32-005","38NLJ2426025659",NA,"NA-3805-B32-005",0,"O-48",c(43.4188, 2.94519)
5039,5042,"Gudo","UNDP - 2006, UNDP - 1997, FSAU","Settlement","Bakool","Tayeeglow","Verified",44.35509,4.10561,"NB-3814-X19-001","38NMK2841953829",NA,"NB-3814-X19-001",0,"U-42",c(44.35509, 4.10561)
5043,5046,"Guduudo Dhunte","UNDP - 1997, FSAU","Settlement","Bay","Baidoa","Verified",43.18782,2.79967,"NA-3805-E27-002","38NKJ9855509605",NA,"NA-3805-E27-002",0,"N-49",c(43.18782, 2.79967)
5090,5093,"Gurabow","UNDP - 1997","Settlement","Bakool","Waajid","Verified",43.730122,3.90471,"NA-3802-C06-001","38NLK5900831700",NA,"NA-3802-C06-001",0,"Q-43",c(43.730122, 3.90471)
5096,5099,"Gurbaan","UNDP - 2006","Settlement","Bay","Diinsoor","Verified",42.46941,2.22296,"NA-3805-U11-001","38NKH1852745946",NA,"NA-3805-U11-001",0,"J-52",c(42.46941, 2.22296)
5157,5160,"Haawaay","UNDP - 2006, UNDP - 1997, FSAU","Settlement","Lower Shabelle","Baraawe","Verified",43.71413,1.1682,"NA-3810-V05-002","38NLG5693229154","Haaway","NA-3810-V05-002",0,"Q-57",c(43.71413, 1.1682)
5177,5180,"Habey Gare","UNDP - 1997","Settlement","Bay","Buur Hakaba","Verified",43.925331,2.93813,"NA-3806-B10-003","38NLJ8056524811",NA,"NA-3806-B10-003",0,"S-48",c(43.925331, 2.93813)
5267,5270,"Haranka","UNDP - 2006","Settlement","Lower Shabelle","Qoryooley","Verified",44.62886,2.1238,"NA-3806-X25-006","38NMH5872934749",NA,"NA-3806-X25-006",0,"W-52",c(44.62886, 2.1238)
5282,5285,"Hareeri Jiroon","UNDP - 2006","Settlement","Bay","Qansax Dheere","Verified",42.9667,2.82772,"NA-3805-E22-002","38NKJ7397012748",NA,"NA-3805-E22-002",0,"M-49",c(42.9667, 2.82772)
5307,5310,"Hargeysa","UNDP - 1997, FSAU","Settlement","Middle Juba","Jilib","Verified",42.703461,0.4473,"NA-3813-P16-007","38NKF4439149480",NA,"NA-3813-P16-007",0,"K-61",c(42.703461, 0.4473)
5313,5316,"Hariir Dheere","UNDP - 2006","Settlement","Bay","Baidoa","Verified",43.51613,3.35154,"NA-3802-R01-006","38NLJ3514470574",NA,"NA-3802-R01-006",0,"P-47",c(43.51613, 3.35154)
5412,5415,"Hereerra Jiifa","UNDP - 1997","Settlement","Bay","Baidoa","Verified",43.460651,3.24287,"NA-3801-U33-001","38NLJ2896058568",NA,"NA-3801-U33-001",0,"P-47",c(43.460651, 3.24287)
5453,5456,"Hinshiloole","UNDP - 2006","Settlement","Bay","Baidoa","Verified",43.28687,3.14641,"NA-3801-W29-003","38NLJ0962847932",NA,"NA-3801-W29-003",0,"O-47",c(43.28687, 3.14641)
5455,5458,"Hobinsha","UNDP - 1997","Settlement","Bay","Baidoa","Verified",43.800079,3.58859,"NA-3802-K07-001","38NLJ6672996739",NA,"NA-3802-K07-001",0,"R-45",c(43.800079, 3.58859)
5456,5459,"Hobiyoow","UNDP - 2006","Settlement","Bay","Baidoa","Verified",43.5005,3.13591,"NA-3802-W01-008","38NLJ3337246735",NA,"NA-3802-W01-008",0,"P-48",c(43.5005, 3.13591)
5476,5479,"Hoobishe","UNDP - 2006","Settlement","Bakool","Tayeeglow","Verified",44.32348,3.91399,"NA-3802-C19-006","38NMK2489232650",NA,"NA-3802-C19-006",0,"U-43",c(44.32348, 3.91399)
5542,5545,"Hurway","UNDP - 1997","Settlement","Middle Shabelle","Jowhar","Verified",45.546581,3.1297,"NA-3803-W13-001","38NNJ6073145945",NA,"NA-3803-W13-001",0,"AB-48",c(45.546581, 3.1297)
5605,5608,"Iidlow Abow","UNDP - 2006, UNDP - 1997","Settlement","Bay","Baidoa","Verified",43.54223,3.13972,"NA-3802-W01-016","38NLJ3801147149",NA,"NA-3802-W01-016",0,"P-48",c(43.54223, 3.13972)
5610,5613,"Iidow Guudow","UNDP - 2006, UNDP - 1997","Settlement","Lower Shabelle","Afgooye","Verified",44.74878,2.26815,"NA-3806-T28-001","38NMH7206750702",NA,"NA-3806-T28-001",0,"W-52",c(44.74878, 2.26815)
5655,5658,"Imilow","UNDP - 2006, FSAU","Settlement","Bakool","Rab Dhuure","Verified",43.22133,4.27265,"NB-3813-T27-001","38NLK0259372493",NA,"NB-3813-T27-001",0,"N-42",c(43.22133, 4.27265)
5714,5717,"Isgooy","UNDP - 2006","Settlement","Bay","Baidoa","Verified",43.4282,3.3529,"NA-3801-R32-004","38NLJ2537370740",NA,"NA-3801-R32-004",0,"O-46",c(43.4282, 3.3529)
5755,5758,"Ismail","UNDP - 2006","Settlement","Bakool","Xudur","Verified",44.14022,4.04282,"NB-3814-Y15-003","38NMK0456046911",NA,"NB-3814-Y15-003",0,"T-43",c(44.14022, 4.04282)
5819,5822,"Jamaame","UNDP - 1997, FSAU","District Capital","Lower Juba","Jamaame","Verified",42.738201,0.06916,"NA-3813-Y17-003","38NKF4825207650","Jamaame","NA-3813-Y17-003",0,"K-63",c(42.738201, 0.06916)
5819,5822,"Jamaame","UNDP - 1997, FSAU","District Capital","Lower Juba","Jamaame","Verified",42.738201,0.06916,"NA-3813-Y17-003","38NKF4825207650","Jamaame","NA-3813-Y17-003",0,"K-63",c(42.738201, 0.06916)
5819,5822,"Jamaame","UNDP - 1997, FSAU","District Capital","Lower Juba","Jamaame","Verified",42.738201,0.06916,"NA-3813-Y17-003","38NKF4825207650","Jamaame","NA-3813-Y17-003",0,"K-63",c(42.738201, 0.06916)
5819,5822,"Jamaame","UNDP - 1997, FSAU","District Capital","Lower Juba","Jamaame","Verified",42.738201,0.06916,"NA-3813-Y17-003","38NKF4825207650","Jamaame","NA-3813-Y17-003",0,"K-63",c(42.738201, 0.06916)
5819,5822,"Jamaame","UNDP - 1997, FSAU","District Capital","Lower Juba","Jamaame","Verified",42.738201,0.06916,"NA-3813-Y17-003","38NKF4825207650","Jamaame","NA-3813-Y17-003",0,"K-63",c(42.738201, 0.06916)
5857,5860,"Jana Cabdalle","UNDP - 1997, FSAU","Settlement","Lower Juba","Afmadow","Verified",42.287022,0.02819,"NA-3813-Z07-001","38NJF9799903119",NA,"NA-3813-Z07-001",0,"I-63",c(42.287022, 0.02819)
5858,5861,"Janaale","KEMRI - 2007, UNDP - 2006, UNDP - 1997","Settlement","Lower Shabelle","Marka","Verified",44.69345,1.80953,"NA-3810-E27-003","38NMH6590500010",NA,"NA-3810-E27-003",0,"W-54",c(44.69345, 1.80953)
5858,5861,"Janaale","KEMRI - 2007, UNDP - 2006, UNDP - 1997","Settlement","Lower Shabelle","Marka","Verified",44.69345,1.80953,"NA-3810-E27-003","38NMH6590500010",NA,"NA-3810-E27-003",0,"W-54",c(44.69345, 1.80953)
5893,5896,"Jeerow","UNDP - 2006, UNDP - 1997","Settlement","Lower Shabelle","Qoryooley","Verified",44.4982,1.69101,"NA-3810-H22-004","38NMG4418586915",NA,"NA-3810-H22-004",0,"V-55",c(44.4982, 1.69101)
5942,5945,"Jiiro Gurey","UNDP - 2006, FSAU","Settlement","Bay","Baidoa","Verified",43.2709,3.2024,"NA-3801-V28-004","38NLJ0786354127",NA,"NA-3801-V28-004",0,"O-47",c(43.2709, 3.2024)
5954,5957,"Jilib","UNDP - 1997, FSAU","District Capital","Middle Juba","Jilib","Verified",42.770199,0.49345,"NA-3813-N17-005","38NKF5182554582","Jilib","NA-3813-N17-005",0,"L-61",c(42.770199, 0.49345)
5954,5957,"Jilib","UNDP - 1997, FSAU","District Capital","Middle Juba","Jilib","Verified",42.770199,0.49345,"NA-3813-N17-005","38NKF5182554582","Jilib","NA-3813-N17-005",0,"L-61",c(42.770199, 0.49345)
5954,5957,"Jilib","UNDP - 1997, FSAU","District Capital","Middle Juba","Jilib","Verified",42.770199,0.49345,"NA-3813-N17-005","38NKF5182554582","Jilib","NA-3813-N17-005",0,"L-61",c(42.770199, 0.49345)
5956,5959,"Jilibey","UNDP - 1997","Settlement","Bay","Baidoa","Verified",43.612011,3.62327,"NA-3802-K03-001","38NLK4584300603",NA,"NA-3802-K03-001",0,"Q-45",c(43.612011, 3.62327)
6009,6012,"Juwaarey","UNDP - 1997","Settlement","Bay","Diinsoor","Verified",42.804199,1.97184,"NA-3809-A18-001","38NKH5574518109",NA,"NA-3809-A18-001",0,"L-54",c(42.804199, 1.97184)
6131,6134,"Kamsuuma","UNDP - 1997","Settlement","Lower Juba","Jamaame","Verified",42.77512,0.24935,"NA-3813-U18-006","38NKF5236627581",NA,"NA-3813-U18-006",0,"L-63",c(42.77512, 0.24935)
6206,6209,"Kerow-Malaaq","UNDP - 2006","Settlement","Bay","Baidoa","Verified",43.4773,3.28633,"NA-3801-T33-008","38NLJ3081863371",NA,"NA-3801-T33-008",0,"P-47",c(43.4773, 3.28633)
6209,6212,"Khalafow","UNDP - 2006","Settlement","Middle Shabelle","Jowhar","Verified",45.4203,2.77233,"NA-3807-F10-004","38NNJ4671406436",NA,"NA-3807-F10-004",0,"AA-49",c(45.4203, 2.77233)
6235,6238,"Kismayo","UNDP - 2006, UNDP - 1997, FSAU","Regional Capital","Lower Juba","Kismayo","Verified",42.546261,-0.36029,"SA-3801-J13-001","38MKE2688160140","Kismaayo (Chisimayu)","SA-3801-J13-001",0,"J-66",c(42.546261, -0.36029)
6235,6238,"Kismayo","UNDP - 2006, UNDP - 1997, FSAU","Regional Capital","Lower Juba","Kismayo","Verified",42.546261,-0.36029,"SA-3801-J13-001","38MKE2688160140","Kismaayo (Chisimayu)","SA-3801-J13-001",0,"J-66",c(42.546261, -0.36029)
6235,6238,"Kismayo","UNDP - 2006, UNDP - 1997, FSAU","Regional Capital","Lower Juba","Kismayo","Verified",42.546261,-0.36029,"SA-3801-J13-001","38MKE2688160140","Kismaayo (Chisimayu)","SA-3801-J13-001",0,"J-66",c(42.546261, -0.36029)
6235,6238,"Kismayo","UNDP - 2006, UNDP - 1997, FSAU","Regional Capital","Lower Juba","Kismayo","Verified",42.546261,-0.36029,"SA-3801-J13-001","38MKE2688160140","Kismaayo (Chisimayu)","SA-3801-J13-001",0,"J-66",c(42.546261, -0.36029)
6235,6238,"Kismayo","UNDP - 2006, UNDP - 1997, FSAU","Regional Capital","Lower Juba","Kismayo","Verified",42.546261,-0.36029,"SA-3801-J13-001","38MKE2688160140","Kismaayo (Chisimayu)","SA-3801-J13-001",0,"J-66",c(42.546261, -0.36029)
6243,6246,"Koban","FSAU","Settlement","Bay","Qansax Dheere","Verified",43.07743,2.69596,"NA-3805-H24-001","38NKH8626198155",NA,"NA-3805-H24-001",0,"N-50",c(43.07743, 2.69596)
6247,6250,"Kobi Goodi","UNDP - 2006","Settlement","Bay","Baidoa","Verified",43.5759,3.14795,"NA-3802-W02-014","38NLJ4175448054",NA,"NA-3802-W02-014",0,"Q-47",c(43.5759, 3.14795)
6247,6250,"Kobi Goodi","UNDP - 2006","Settlement","Bay","Baidoa","Verified",43.5759,3.14795,"NA-3802-W02-014","38NLJ4175448054",NA,"NA-3802-W02-014",0,"Q-47",c(43.5759, 3.14795)
6247,6250,"Kobi Goodi","UNDP - 2006","Settlement","Bay","Baidoa","Verified",43.5759,3.14795,"NA-3802-W02-014","38NLJ4175448054",NA,"NA-3802-W02-014",0,"Q-47",c(43.5759, 3.14795)
6247,6250,"Kobi Goodi","UNDP - 2006","Settlement","Bay","Baidoa","Verified",43.5759,3.14795,"NA-3802-W02-014","38NLJ4175448054",NA,"NA-3802-W02-014",0,"Q-47",c(43.5759, 3.14795)
6297,6300,"Korkoor","FSAU","Settlement","Bakool","Xudur","Verified",44.08892,3.95912,"NA-3802-A13-005","38NLK9885537664",NA,"NA-3802-A13-005",0,"S-43",c(44.08892, 3.95912)
6298,6301,"Korkor","UNDP - 1997","Settlement","Bakool","Waajid","Verified",43.586609,3.6412,"NA-3802-J02-001","38NLK4302402590",NA,"NA-3802-J02-001",0,"P-45",c(43.586609, 3.6412)
6321,6324,"Korunbod","UNDP - 1997, FSAU","Settlement","Bay","Qansax Dheere","Verified",43.0783,2.80338,"NA-3805-E24-001","38NKJ8637610035",NA,"NA-3805-E24-001",0,"M-49",c(43.0783, 2.80338)
6356,6359,"Kulmis","UNDP - 1997, FSAU","Settlement","Middle Shabelle","Jowhar","Verified",45.533642,2.93425,"NA-3807-B12-006","38NNJ5930424339",NA,"NA-3807-B12-006",0,"AB-49",c(45.533642, 2.93425)
6366,6369,"Kulunjerer","UNDP - 2006, FSAU","Settlement","Bakool","Waajid","Verified",43.58765,3.90312,"NA-3802-C02-001","38NLK4318731550",NA,"NA-3802-C02-001",0,"Q-43",c(43.58765, 3.90312)
6390,6393,"Kurman","UNDP - 1997","Settlement","Bay","Diinsoor","Verified",42.86869,2.48088,"NA-3805-N20-003","38NKH6300474404",NA,"NA-3805-N20-003",0,"L-51",c(42.86869, 2.48088)
6390,6393,"Kurman","UNDP - 1997","Settlement","Bay","Diinsoor","Verified",42.86869,2.48088,"NA-3805-N20-003","38NKH6300474404",NA,"NA-3805-N20-003",0,"L-51",c(42.86869, 2.48088)
6396,6399,"Kurto","UNDP - 2006, UNDP - 1997, FSAU","Settlement","Bay","Baidoa","Verified",43.35523,3.57966,"NA-3801-L30-001","38NLJ1730795828",NA,"NA-3801-L30-001",0,"O-45",c(43.35523, 3.57966)
6425,6428,"Kuunyo","UNDP - 1997","Settlement","Bay","Buur Hakaba","Verified",44.22496,2.92815,"NA-3806-B16-005","38NMJ1386623681",NA,"NA-3806-B16-005",0,"T-49",c(44.22496, 2.92815)
6463,6466,"Laambuul","UNDP - 1997","Settlement","Bay","Buur Hakaba","Verified",44.146049,2.97579,"NA-3806-A15-005","38NMJ0510028953",NA,"NA-3806-A15-005",0,"T-49",c(44.146049, 2.97579)
6472,6475,"Laan Garas","UNDP - 2006","Settlement","Bay","Baidoa","Verified",43.16237,3.48037,"NA-3801-N26-001","38NKJ9585784888",NA,"NA-3801-N26-001",0,"N-46",c(43.16237, 3.48037)
6495,6498,"Laanti-Garaska","UNDP - 2006","Settlement","Bay","Baidoa","Verified",43.43159,3.3021,"NA-3801-S32-003","38NLJ2574165122",NA,"NA-3801-S32-003",0,"P-47",c(43.43159, 3.3021)
6534,6537,"Labaatan Jirow","UNDP - 2006, UNDP - 1997","Settlement","Bay","Baidoa","Verified",43.75718,3.53851,"NA-3802-M06-002","38NLJ6195691209",NA,"NA-3802-M06-002",0,"Q-45",c(43.75718, 3.53851)
6534,6537,"Labaatan Jirow","UNDP - 2006, UNDP - 1997","Settlement","Bay","Baidoa","Verified",43.75718,3.53851,"NA-3802-M06-002","38NLJ6195691209",NA,"NA-3802-M06-002",0,"Q-45",c(43.75718, 3.53851)
6569,6572,"Lafaale","UNDP - 2006, FSAU","Settlement","Bay","Baidoa","Verified",43.1646,3.58941,"NA-3801-K26-001","38NKJ9612996947",NA,"NA-3801-K26-001",0,"N-45",c(43.1646, 3.58941)
6603,6606,"Lama-Waab","UNDP - 2006, UNDP - 1997","Settlement","Middle Shabelle","Jowhar","Verified",45.53382,2.86787,"NA-3807-D12-011","38NNJ5932717002",NA,"NA-3807-D12-011",0,"AB-49",c(45.53382, 2.86787)
6609,6612,"Lamo Warood","UNDP - 2006, FSAU","Settlement","Bay","Diinsoor","Verified",42.9721,2.51773,"NA-3805-M22-001","38NKH7451478461",NA,"NA-3805-M22-001",0,"M-50",c(42.9721, 2.51773)
6743,6746,"Lowiley","UNDP - 2006","Settlement","Bay","Baidoa","Verified",43.51119,3.0091,"NA-3802-Z01-003","38NLJ3454032711",NA,"NA-3802-Z01-003",0,"P-48",c(43.51119, 3.0091)
6820,6823,"Macalin Yusuf","UNDP - 2006, FSAU","Settlement","Bakool","Rab Dhuure","Verified",43.21626,3.99154,"NA-3801-A27-002","38NLK0196041406",NA,"NA-3801-A27-002",0,"N-43",c(43.21626, 3.99154)
6849,6852,"Madax Waraabe","UNDP - 1997","Settlement","Bakool","Xudur","Verified",43.911861,4.12423,"NB-3814-X10-001","38NLK7922155941",NA,"NB-3814-X10-001",0,"S-42",c(43.911861, 4.12423)
6858,6861,"Mad-Foodey","UNDP - 2006, FSAU","Settlement","Bakool","Waajid","Verified",43.3099,3.81364,"NA-3801-E29-001","38NLK1232021712",NA,"NA-3801-E29-001",0,"O-44",c(43.3099, 3.81364)
6864,6867,"Madhooka","UNDP - 1997","Settlement","Middle Juba","Jilib","Verified",42.764061,0.54895,"NA-3813-L17-002","38NKF5114360722",NA,"NA-3813-L17-002",0,"L-61",c(42.764061, 0.54895)
6873,6876,"Madiini","UNDP - 2006, UNDP - 1997","Settlement","Bay","Baidoa","Verified",43.70892,2.90021,"NA-3806-C05-002","38NLJ5650520644",NA,"NA-3806-C05-002",0,"Q-48",c(43.70892, 2.90021)
6924,6927,"Maguurta","UNDP - 2006, UNDP - 1997","Settlement","Bay","Baidoa","Verified",43.45845,2.99609,"NA-3805-A33-012","38NLJ2867631281",NA,"NA-3805-A33-012",0,"P-48",c(43.45845, 2.99609)
6930,6933,"Mahadaay","UNDP - 2006, UNDP - 1997, FSAU","Settlement","Middle Shabelle","Jowhar","Verified",45.53468,2.97043,"NA-3807-A12-003","38NNJ5941728339","Mahadday Weym","NA-3807-A12-003",0,"AB-49",c(45.53468, 2.97043)
6930,6933,"Mahadaay","UNDP - 2006, UNDP - 1997, FSAU","Settlement","Middle Shabelle","Jowhar","Verified",45.53468,2.97043,"NA-3807-A12-003","38NNJ5941728339","Mahadday Weym","NA-3807-A12-003",0,"AB-49",c(45.53468, 2.97043)
6954,6957,"Makiinay Mogow","UNDP - 2006","Settlement","Bay","Baidoa","Verified",43.4504,3.31477,"NA-3801-S32-011","38NLJ2783366520",NA,"NA-3801-S32-011",0,"P-47",c(43.4504, 3.31477)
6955,6958,"Makiiney","UNDP - 2006","Settlement","Bay","Baidoa","Verified",43.38323,2.92614,"NA-3805-B31-002","38NLJ2030323558",NA,"NA-3805-B31-002",0,"O-48",c(43.38323, 2.92614)
7000,7003,"Manaas","UNDP - 1997, FSAU","Settlement","Bay","Baidoa","Verified",43.46664,2.8936,"NA-3805-C33-001","38NLJ2957119947",NA,"NA-3805-C33-001",0,"P-49",c(43.46664, 2.8936)
7003,7006,"Mandheere","UNDP - 2006, UNDP - 1997, FSAU","Settlement","Middle Shabelle","Balcad","Verified",45.5044,2.68858,"NA-3807-H12-003","38NNH5606697182",NA,"NA-3807-H12-003",0,"AB-50",c(45.5044, 2.68858)
7044,7047,"Mareer Bugley","UNDP - 2006, UNDP - 1997","Settlement","Bay","Baidoa","Verified",43.46629,2.90908,"NA-3805-C33-003","38NLJ2953421659",NA,"NA-3805-C33-003",0,"P-49",c(43.46629, 2.90908)
7056,7059,"Mareerey","UNDP - 1997, FSAU","Settlement","Middle Juba","Jilib","Verified",42.715401,0.42943,"NA-3813-P16-002","38NKF4572047502",NA,"NA-3813-P16-002",0,"K-61",c(42.715401, 0.42943)
7080,7083,"Wadajir","KEMRI - 2007, UNDP - 2006","Part of town","Lower Shabelle","Marka","Verified",44.76982,1.71624,"NA-3810-G28-007","38NMG7439889698",NA,"NA-3810-G28-007",0,"X-55",c(44.76982, 1.71624)
7108,7111,"Mashalaay","UNDP - 2006, UNDP - 1997","Settlement","Lower Shabelle","Qoryooley","Verified",44.59711794,1.742090178,"NA-3810-G25-027","38NMG5518992558",NA,"NA-3810-G25-027",0,"V-55",c(44.59711794, 1.742090178)
7234,7237,"Milleel","UNDP - 2006","Settlement","Bay","Baidoa","Verified",43.58801,3.43602,"NA-3802-P02-002","38NLJ4314579903",NA,"NA-3802-P02-002",0,"P-46",c(43.58801, 3.43602)
7242,7245,"Mintaan","UNDP - 1997","Settlement","Bay","Baidoa","Verified",43.5284,3.3311,"NA-3802-S01-001","38NLJ3650468312",NA,"NA-3802-S01-001",0,"P-47",c(43.5284, 3.3311)
7247,7250,"Mintani","UNDP - 2006, UNDP - 1997","Settlement","Bay","Baidoa","Verified",43.55936,3.3611,"NA-3802-R02-004","38NLJ3994971624",NA,"NA-3802-R02-004",0,"P-47",c(43.55936, 3.3611)
7261,7264,"Misaari","UNDP - 2006","Settlement","Bay","Buur Hakaba","Verified",43.55474,2.35288,"NA-3806-R02-001","38NLH3929660148",NA,"NA-3806-R02-001",0,"P-52",c(43.55474, 2.35288)
7262,7265,"Misgaale","UNDP - 2006","Settlement","Bay","Baidoa","Verified",43.5579,3.16716,"NA-3802-V02-008","38NLJ3975650181",NA,"NA-3802-V02-008",0,"P-48",c(43.5579, 3.16716)
7263,7266,"Mishaani","UNDP - 2006","Settlement","Bay","Buur Hakaba","Verified",44.15229,2.94804,"NA-3806-B15-014","38NMJ0579125885",NA,"NA-3806-B15-014",0,"T-49",c(44.15229, 2.94804)
7281,7284,"Mogaambo","UNDP - 1997","Settlement","Lower Juba","Jamaame","Verified",42.717651,0.15619,"NA-3813-W16-003","38NKF4596417277",NA,"NA-3813-W16-003",0,"K-63",c(42.717651, 0.15619)
7302,7305,"Moiko","UNDP - 1997","Settlement","Middle Shabelle","Jowhar","Verified",45.39444,2.76139,"NA-3807-F09-001","38NNJ4384105226",NA,"NA-3807-F09-001",0,"AA-49",c(45.39444, 2.76139)
7315,7318,"Moolmad Wein","UNDP - 2006, UNDP - 1997","Settlement","Bay","Baidoa","Verified",43.83963,3.54128,"NA-3802-M08-004","38NLJ7111591503",NA,"NA-3802-M08-004",0,"R-46",c(43.83963, 3.54128)
7343,7346,"Mordiinle","UNDP - 2006, UNDP - 1997, FSAU","Settlement","Lower Shabelle","Afgooye","Verified",45.03087,2.12088,"NA-3807-X01-004","38NNH0343234422",NA,"NA-3807-X01-004",0,"Y-52",c(45.03087, 2.12088)
7343,7346,"Mordiinle","UNDP - 2006, UNDP - 1997, FSAU","Settlement","Lower Shabelle","Afgooye","Verified",45.03087,2.12088,"NA-3807-X01-004","38NNH0343234422",NA,"NA-3807-X01-004",0,"Y-52",c(45.03087, 2.12088)
7359,7362,"Mowkubow","UNDP - 1997, FSAU","Settlement","Bay","Qansax Dheere","Verified",43.014809,2.8984,"NA-3805-C23-005","38NKJ7933420556",NA,"NA-3805-C23-005",0,"M-48",c(43.014809, 2.8984)
7428,7431,"Muruqmal","UNDP - 2006, FSAU","Settlement","Lower Shabelle","Kurtunwaarey","Verified",44.21888,1.64156,"NA-3810-J16-002","38NMG1311381459",NA,"NA-3810-J16-002",0,"T-55",c(44.21888, 1.64156)
7432,7435,"Muryaale","UNDP - 2006","Settlement","Middle Shabelle","Balcad","Verified",45.35196,2.30515,"NA-3807-S08-004","38NNH3913354794",NA,"NA-3807-S08-004",0,"AA-52",c(45.35196, 2.30515)
7460,7463,"Muuse Moxamed Raaqe","UNDP - 1997","Settlement","Middle Shabelle","Balcad","Verified",45.886909,2.52169,"NA-3807-M20-002","38NNH9859978757",NA,"NA-3807-M20-002",0,"AD-51",c(45.886909, 2.52169)
7499,7502,"Nibkisaar","UNDP - 2006","Settlement","Bay","Baidoa","Verified",43.6478,3.25662,"NA-3802-T04-002","38NLJ4976160058",NA,"NA-3802-T04-002",0,"Q-47",c(43.6478, 3.25662)
7690,7693,"Qansax Dheere","UNDP - 1997, FSAU","District Capital","Bay","Qansax Dheere","Verified",43.004341,2.87123,"NA-3805-D23-004","38NKJ7816517553","Qansax Dheere","NA-3805-D23-004",0,"M-49",c(43.004341, 2.87123)
7690,7693,"Qansax Dheere","UNDP - 1997, FSAU","District Capital","Bay","Qansax Dheere","Verified",43.004341,2.87123,"NA-3805-D23-004","38NKJ7816517553","Qansax Dheere","NA-3805-D23-004",0,"M-49",c(43.004341, 2.87123)
7691,7694,"Busley","UNDP - 2006","Part of town","Bay","Qansax Dheere","Verified",43.00635,2.8727,"NA-3805-D23-005","38NKJ7838817715",NA,"NA-3805-D23-005",0,"M-49",c(43.00635, 2.8727)
7697,7700,"Qansaxdheere","UNDP - 1997","Settlement","Bay","Qansax Dheere","Verified",42.93116,2.88901,"NA-3805-C21-001","38NKJ7003019534",NA,"NA-3805-C21-001",0,"L-49",c(42.93116, 2.88901)
7697,7700,"Qansaxdheere","UNDP - 1997","Settlement","Bay","Qansax Dheere","Verified",42.93116,2.88901,"NA-3805-C21-001","38NKJ7003019534",NA,"NA-3805-C21-001",0,"L-49",c(42.93116, 2.88901)
7738,7741,"Qasaalay","UNDP - 2006","Settlement","Gedo","Baardheere","Verified",42.27301,2.15071,"NA-3805-W07-003","38NJH9665137990",NA,"NA-3805-W07-003",0,"I-52",c(42.27301, 2.15071)
7739,7742,"Qasaaley","UNDP - 2006","Settlement","Bay","Qansax Dheere","Verified",42.9044,2.85275,"NA-3805-D20-001","38NKJ6704715529",NA,"NA-3805-D20-001",0,"L-49",c(42.9044, 2.85275)
7742,7745,"Qasaalow","UNDP - 2006","Settlement","Bay","Baidoa","Verified",43.1541,3.31229,"NA-3801-S26-001","38NKJ9490266302",NA,"NA-3801-S26-001",0,"N-47",c(43.1541, 3.31229)
7743,7746,"Qasaalow","UNDP - 2006, UNDP - 1997","Settlement","Bay","Baidoa","Verified",43.42173,3.06969,"NA-3801-Y32-005","38NLJ2460639425",NA,"NA-3801-Y32-005",0,"P-48",c(43.42173, 3.06969)
7762,7765,"Qeed Cajuuso","UNDP - 1997","Settlement","Middle Juba","Saakow","Verified",42.5224,1.67924,"NA-3809-H12-001","38NKG2433685781",NA,"NA-3809-H12-001",0,"J-55",c(42.5224, 1.67924)
7786,7789,"Qomari","UNDP - 1997","Settlement","Bay","Baidoa","Verified",43.890739,3.6289,"NA-3802-J09-002","38NLK7680501183",NA,"NA-3802-J09-002",0,"R-45",c(43.890739, 3.6289)
7801,7804,"Qoor-Dheere","UNDP - 2006","Settlement","Middle Shabelle","Jowhar","Verified",45.81511,2.7817,"NA-3807-F18-001","38NNJ9059807495",NA,"NA-3807-F18-001",0,"AD-50",c(45.81511, 2.7817)
7816,7819,"Qordhere","UNDP - 2006","Settlement","Middle Shabelle","Balcad","Verified",45.48495,2.4651,"NA-3807-N11-002","38NNH5391372479",NA,"NA-3807-N11-002",0,"AB-51",c(45.48495, 2.4651)
7835,7838,"Qoryooley","UNDP - 1997, FSAU","District Capital","Lower Shabelle","Qoryooley","Verified",44.5313,1.78586,"NA-3810-F23-018","38NMG4787097398","Qoryooley","NA-3810-F23-018",0,"V-55",c(44.5313, 1.78586)
7835,7838,"Qoryooley","UNDP - 1997, FSAU","District Capital","Lower Shabelle","Qoryooley","Verified",44.5313,1.78586,"NA-3810-F23-018","38NMG4787097398","Qoryooley","NA-3810-F23-018",0,"V-55",c(44.5313, 1.78586)
7837,7840,"Hodan","UNDP - 2006","Part of town","Lower Shabelle","Qoryooley","Verified",44.52708,1.78836,"NA-3810-F23-021","38NMG4740097674",NA,"NA-3810-F23-021",0,"V-55",c(44.52708, 1.78836)
7865,7868,"Qudi-Qodeen","UNDP - 2006","Settlement","Bay","Baidoa","Verified",43.1434,3.17718,"NA-3801-V26-003","38NKJ9368651362",NA,"NA-3801-V26-003",0,"N-48",c(43.1434, 3.17718)
7948,7951,"Rab Dhuure","UNDP - 1997, FSAU","Settlement","Bakool","Rab Dhuure","Verified",43.163589,4.35047,"NB-3813-R26-001","38NKK9620381114",NA,"NB-3813-R26-001",0,"N-41",c(43.163589, 4.35047)
7948,7951,"Rab Dhuure","UNDP - 1997, FSAU","Settlement","Bakool","Rab Dhuure","Verified",43.163589,4.35047,"NB-3813-R26-001","38NKK9620381114",NA,"NB-3813-R26-001",0,"N-41",c(43.163589, 4.35047)
7971,7974,"Rama Caddey","UNDP - 1997","Settlement","Bay","Diinsoor","Verified",42.80106,1.9968,"NA-3809-A18-003","38NKH5540020870",NA,"NA-3809-A18-003",0,"L-54",c(42.80106, 1.9968)
8089,8092,"Roobay","UNDP - 2006, FSAU","Settlement","Bay","Baidoa","Verified",43.1982,3.41599,"NA-3801-Q27-007","38NKJ9982577761",NA,"NA-3801-Q27-007",0,"N-46",c(43.1982, 3.41599)
8128,8131,"Saakow","UNDP - 1997, FSAU","District Capital","Middle Juba","Saakow","Verified",42.452171,1.63938,"NA-3809-J10-002","38NKG1651181381","Saakow","NA-3809-J10-002",0,"J-55",c(42.452171, 1.63938)
8128,8131,"Saakow","UNDP - 1997, FSAU","District Capital","Middle Juba","Saakow","Verified",42.452171,1.63938,"NA-3809-J10-002","38NKG1651181381","Saakow","NA-3809-J10-002",0,"J-55",c(42.452171, 1.63938)
8128,8131,"Saakow","UNDP - 1997, FSAU","District Capital","Middle Juba","Saakow","Verified",42.452171,1.63938,"NA-3809-J10-002","38NKG1651181381","Saakow","NA-3809-J10-002",0,"J-55",c(42.452171, 1.63938)
8128,8131,"Saakow","UNDP - 1997, FSAU","District Capital","Middle Juba","Saakow","Verified",42.452171,1.63938,"NA-3809-J10-002","38NKG1651181381","Saakow","NA-3809-J10-002",0,"J-55",c(42.452171, 1.63938)
8222,8225,"Samriyo","UNDP - 1997","Settlement","Bay","Baidoa","Verified",43.522209,3.13065,"NA-3802-W01-003","38NLJ3578446150",NA,"NA-3802-W01-003",0,"P-48",c(43.522209, 3.13065)
8256,8259,"Sariirta","UNDP - 2006","Settlement","Bay","Baidoa","Verified",43.36037,3.25195,"NA-3801-T30-002","38NLJ1781759589",NA,"NA-3801-T30-002",0,"O-47",c(43.36037, 3.25195)
8259,8262,"Sarmaan","UNDP - 2006, UNDP - 1997","Settlement","Bakool","Xudur","Verified",44.0003,3.95074,"NA-3802-B12-002","38NLK8901536749",NA,"NA-3802-B12-002",0,"S-43",c(44.0003, 3.95074)
8263,8266,"Sarmaan-Dheer","UNDP - 1997","Settlement","Bay","Baidoa","Verified",43.35437,3.28294,"NA-3801-T30-001","38NLJ1715563017",NA,"NA-3801-T30-001",0,"O-46",c(43.35437, 3.28294)
8280,8283,"Saydheelow","UNDP - 1997, FSAU","Settlement","Bay","Baidoa","Verified",43.6726,3.3685,"NA-3802-R04-002","38NLJ5253372425",NA,"NA-3802-R04-002",0,"Q-46",c(43.6726, 3.3685)
8349,8352,"Shabeelow","UNDP - 2006, FSAU","Settlement","Bay","Baidoa","Verified",43.4869,2.95606,"NA-3805-B33-002","38NLJ3183226850",NA,"NA-3805-B33-002",0,"P-49",c(43.4869, 2.95606)
8362,8365,"Shalaambood","KEMRI - 2007, UNDP - 2006, UNDP - 1997","Settlement","Lower Shabelle","Marka","Verified",44.69605,1.70698,"NA-3810-H27-008","38NMG6619288675",NA,"NA-3810-H27-008",0,"W-55",c(44.69605, 1.70698)
8362,8365,"Shalaambood","KEMRI - 2007, UNDP - 2006, UNDP - 1997","Settlement","Lower Shabelle","Marka","Verified",44.69605,1.70698,"NA-3810-H27-008","38NMG6619288675",NA,"NA-3810-H27-008",0,"W-55",c(44.69605, 1.70698)
8387,8390,"Shanta Mundule","UNDP - 2006","Settlement","Bay","Qansax Dheere","Verified",42.9508,2.82663,"NA-3805-E21-003","38NKJ7220212631",NA,"NA-3805-E21-003",0,"M-49",c(42.9508, 2.82663)
8481,8484,"Shimbire","UNDP - 2006, UNDP - 1997, FSAU","Settlement","Bay","Buur Hakaba","Verified",43.87741,2.98259,"NA-3806-A09-004","38NLJ7524329732",NA,"NA-3806-A09-004",0,"R-49",c(43.87741, 2.98259)
8491,8494,"Shini-Maal","UNDP - 2006","Settlement","Bay","Baidoa","Verified",43.37733,3.29092,"NA-3801-T31-005","38NLJ1970963896",NA,"NA-3801-T31-005",0,"O-46",c(43.37733, 3.29092)
8536,8539,"Siigolay","UNDP - 1997","Settlement","Bay","Buur Hakaba","Verified",43.778648,2.878,"NA-3806-C07-001","38NLJ6425418180",NA,"NA-3806-C07-001",0,"R-49",c(43.778648, 2.878)
8547,8550,"Sinai","KEMRI - 2007","Settlement","Lower Shabelle","Marka","Verified",44.6588,1.67134,"NA-3810-H26-001","38NMG6204884737",NA,"NA-3810-H26-001",0,"W-55",c(44.6588, 1.67134)
8614,8617,"Surweyn","UNDP - 1997","Settlement","Bay","Baidoa","Verified",43.892948,3.22426,"NA-3802-U09-001","38NLJ7699856448",NA,"NA-3802-U09-001",0,"R-47",c(43.892948, 3.22426)
8633,8636,"Tabeelaha","UNDP - 2006","Settlement","Lower Shabelle","Wanla Weyn","Verified",44.96748,2.49295,"NA-3806-N33-012","38NMH9638475547",NA,"NA-3806-N33-012",0,"Y-51",c(44.96748, 2.49295)
8636,8639,"Tagaal","UNDP - 2006, UNDP - 1997","Settlement","Bay","Baidoa","Verified",43.8798,3.53338,"NA-3802-M09-002","38NLJ7557790624",NA,"NA-3802-M09-002",0,"R-46",c(43.8798, 3.53338)
8639,8642,"Tajego","UNDP - 1997","Settlement","Bay","Baidoa","Verified",43.45562,3.36856,"NA-3801-R33-002","38NLJ2842372467",NA,"NA-3801-R33-002",0,"P-47",c(43.45562, 3.36856)
8674,8677,"Tayeeglow","UNDP - 1997, FSAU","District Capital","Bakool","Tayeeglow","Verified",44.512749,4.0182,"NB-3814-Z23-001","38NMK4591244155","Tayeeglow","NB-3814-Z23-001",0,"V-43",c(44.512749, 4.0182)
8674,8677,"Tayeeglow","UNDP - 1997, FSAU","District Capital","Bakool","Tayeeglow","Verified",44.512749,4.0182,"NB-3814-Z23-001","38NMK4591244155","Tayeeglow","NB-3814-Z23-001",0,"V-43",c(44.512749, 4.0182)
8674,8677,"Tayeeglow","UNDP - 1997, FSAU","District Capital","Bakool","Tayeeglow","Verified",44.512749,4.0182,"NB-3814-Z23-001","38NMK4591244155","Tayeeglow","NB-3814-Z23-001",0,"V-43",c(44.512749, 4.0182)
8721,8724,"Toosiilow","UNDP - 2006","Settlement","Bay","Baidoa","Verified",43.24049,3.17573,"NA-3801-V28-003","38NLJ0447851183",NA,"NA-3801-V28-003",0,"O-47",c(43.24049, 3.17573)
8723,8726,"Toosweyne","UNDP - 1997, FSAU","Settlement","Bay","Baidoa","Verified",43.204479,3.10662,"NA-3801-X27-001","38NLJ0046243547",NA,"NA-3801-X27-001",0,"N-48",c(43.204479, 3.10662)
8735,8738,"Towfiiq","UNDP - 2006, FSAU","Settlement","Lower Shabelle","Kurtunwaarey","Verified",44.26642,1.63986,"NA-3810-J17-002","38NMG1840181269",NA,"NA-3810-J17-002",0,"U-55",c(44.26642, 1.63986)
8741,8744,"Towsiile","UNDP - 2006","Settlement","Bakool","Waajid","Verified",43.31137,3.68303,"NA-3801-H29-002","38NLK1245607268",NA,"NA-3801-H29-002",0,"O-44",c(43.31137, 3.68303)
8756,8759,"Tugaar-Hoosle","UNDP - 2006, FSAU","Settlement","Bay","Diinsoor","Verified",42.94515,2.57062,"NA-3805-L21-002","38NKH7152684316",NA,"NA-3805-L21-002",0,"M-50",c(42.94515, 2.57062)
8875,8878,"Uffurow","UNDP - 1997, FSAU","Settlement","Bay","Qansax Dheere","Verified",42.88683,2.76215,"NA-3805-F20-001","38NKJ6507505511",NA,"NA-3805-F20-001",0,"L-50",c(42.88683, 2.76215)
8876,8879,"Ufurow","UNDP - 2006","Settlement","Bay","Diinsoor","Verified",42.53069,2.45915,"NA-3805-N12-001","38NKH2539372065",NA,"NA-3805-N12-001",0,"J-51",c(42.53069, 2.45915)
8876,8879,"Ufurow","UNDP - 2006","Settlement","Bay","Diinsoor","Verified",42.53069,2.45915,"NA-3805-N12-001","38NKH2539372065",NA,"NA-3805-N12-001",0,"J-51",c(42.53069, 2.45915)
8950,8953,"Waajid","UNDP - 1997, FSAU","District Capital","Bakool","Waajid","Verified",43.247089,3.80925,"NA-3801-E28-001","38NLK0534221240","Waajid","NA-3801-E28-001",0,"N-44",c(43.247089, 3.80925)
8950,8953,"Waajid","UNDP - 1997, FSAU","District Capital","Bakool","Waajid","Verified",43.247089,3.80925,"NA-3801-E28-001","38NLK0534221240","Waajid","NA-3801-E28-001",0,"N-44",c(43.247089, 3.80925)
8955,8958,"Waama","UNDP - 1997","Settlement","Bay","Buur Hakaba","Verified",44.059181,2.99509,"NA-3806-A13-007","38NLJ9544731095",NA,"NA-3806-A13-007",0,"S-48",c(44.059181, 2.99509)
8983,8986,"Wadajir","UNDP - 2006","Settlement","Lower Shabelle","Qoryooley","Verified",44.48607,1.74703,"NA-3810-G22-009","38NMG4283893107",NA,"NA-3810-G22-009",0,"V-55",c(44.48607, 1.74703)
8995,8998,"Wafdhey Weyn","UNDP - 1997, FSAU","Settlement","Bay","Buur Hakaba","Verified",44.118408,2.8729,"NA-3806-D14-008","38NMJ0201917582",NA,"NA-3806-D14-008",0,"T-49",c(44.118408, 2.8729)
9013,9016,"Walaq","UNDP - 2006, FSAU","Settlement","Bay","Baidoa","Verified",43.22578,3.4952,"NA-3801-N27-001","38NLJ0290786515",NA,"NA-3801-N27-001",0,"N-46",c(43.22578, 3.4952)
9013,9016,"Walaq","UNDP - 2006, FSAU","Settlement","Bay","Baidoa","Verified",43.22578,3.4952,"NA-3801-N27-001","38NLJ0290786515",NA,"NA-3801-N27-001",0,"N-46",c(43.22578, 3.4952)
9017,9020,"Wanaay","UNDP - 2006","Settlement","Bay","Buur Hakaba","Verified",44.28507,2.90895,"NA-3806-C18-003","38NMJ2054521554",NA,"NA-3806-C18-003",0,"U-48",c(44.28507, 2.90895)
9030,9033,"Wanla Weyn","UNDP - 1997, FSAU","District Capital","Lower Shabelle","Wanla Weyn","Verified",44.89357,2.61945,"NA-3806-K31-006","38NMH8816989530","Wanlaweyn","NA-3806-K31-006",0,"X-50",c(44.89357, 2.61945)
9030,9033,"Wanla Weyn","UNDP - 1997, FSAU","District Capital","Lower Shabelle","Wanla Weyn","Verified",44.89357,2.61945,"NA-3806-K31-006","38NMH8816989530","Wanlaweyn","NA-3806-K31-006",0,"X-50",c(44.89357, 2.61945)
9031,9034,"Aanoole","UNDP - 2006","Part of town","Lower Shabelle","Wanla Weyn","Verified",44.90257,2.61625,"NA-3806-K31-004","38NMH8916989176",NA,"NA-3806-K31-004",0,"X-50",c(44.90257, 2.61625)
9032,9035,"Bakaal","UNDP - 2006","Part of town","Lower Shabelle","Wanla Weyn","Verified",44.89317,2.61619,"NA-3806-K31-002","38NMH8812489170",NA,"NA-3806-K31-002",0,"X-50",c(44.89317, 2.61619)
9054,9057,"War Caasha","UNDP - 1997","Settlement","Bay","Baidoa","Verified",43.413898,3.03131,"NA-3801-Z32-007","38NLJ2372935183",NA,"NA-3801-Z32-007",0,"O-48",c(43.413898, 3.03131)
9061,9064,"War Dhujiiley","UNDP - 2006, FSAU","Settlement","Bakool","Rab Dhuure","Verified",43.26567,4.09917,"NB-3813-X28-002","38NLK0747353297",NA,"NB-3813-X28-002",0,"O-42",c(43.26567, 4.09917)
9067,9070,"War Gaduud","UNDP - 1997","Settlement","Bay","Baidoa","Verified",43.7033,2.97953,"NA-3806-A05-004","38NLJ5589129415",NA,"NA-3806-A05-004",0,"Q-48",c(43.7033, 2.97953)
9070,9073,"War Gaduudo","UNDP - 2006, FSAU","Settlement","Bakool","Rab Dhuure","Verified",43.27907,4.03663,"NB-3813-Z29-001","38NLK0894646378",NA,"NB-3813-Z29-001",0,"O-43",c(43.27907, 4.03663)
9072,9075,"War Garasle","UNDP - 1997","Settlement","Bay","Baidoa","Verified",43.595322,3.30073,"NA-3802-S03-005","38NLJ4393664944",NA,"NA-3802-S03-005",0,"P-47",c(43.595322, 3.30073)
9082,9085,"War Lowi","UNDP - 2006, FSAU","Settlement","Bakool","Rab Dhuure","Verified",43.30768,3.99548,"NA-3801-A29-001","38NLK1211441821",NA,"NA-3801-A29-001",0,"O-43",c(43.30768, 3.99548)
9094,9097,"War Ribo","FSAU","Settlement","Bakool","Waajid","Verified",43.45229,3.66375,"NA-3801-J32-003","38NLK2810705108",NA,"NA-3801-J32-003",0,"P-45",c(43.45229, 3.66375)
9134,9137,"Waraxleey","UNDP - 2006, UNDP - 1997","Settlement","Middle Shabelle","Jowhar","Verified",45.6417,2.88408,"NA-3807-C15-003","38NNJ7131618800",NA,"NA-3807-C15-003",0,"AC-49",c(45.6417, 2.88408)
9136,9139,"War-Cadoy","UNDP - 2006","Settlement","Bay","Baidoa","Verified",43.39094,2.96502,"NA-3805-A31-001","38NLJ2116627856",NA,"NA-3805-A31-001",0,"O-48",c(43.39094, 2.96502)
9142,9145,"Wareeg","UNDP - 2006","Settlement","Bay","Baidoa","Verified",43.6264,3.25959,"NA-3802-T03-007","38NLJ4738360390",NA,"NA-3802-T03-007",0,"Q-47",c(43.6264, 3.25959)
9219,9222,"Wasiila","UNDP - 2006, FSAU","Settlement","Bakool","Xudur","Verified",44.24652,3.98807,"NA-3802-A17-004","38NMK1635540846",NA,"NA-3802-A17-004",0,"U-43",c(44.24652, 3.98807)
9259,9262,"Weley","UNDP - 2006","Settlement","Bay","Baidoa","Verified",43.5206,3.27228,"NA-3802-T01-011","38NLJ3562861810",NA,"NA-3802-T01-011",0,"P-47",c(43.5206, 3.27228)
9282,9285,"Xaabley  2","UNDP - 2006","Settlement","Middle Shabelle","Jowhar","Verified",45.67178,2.80822,"NA-3807-E15-009","38NNJ7466410416",NA,"NA-3807-E15-009",0,"AC-49",c(45.67178, 2.80822)
9327,9330,"Xabaalo Barbar","UNDP - 1997, FSAU","Settlement","Bay","Baidoa","Verified",43.16153,2.7423,"NA-3805-G26-001","38NKJ9562103265",NA,"NA-3805-G26-001",0,"N-50",c(43.16153, 2.7423)
9327,9330,"Xabaalo Barbar","UNDP - 1997, FSAU","Settlement","Bay","Baidoa","Verified",43.16153,2.7423,"NA-3805-G26-001","38NKJ9562103265",NA,"NA-3805-G26-001",0,"N-50",c(43.16153, 2.7423)
9344,9347,"Xagar","UNDP - 1997, FSAU","Settlement","Lower Juba","Afmadow","Verified",41.975311,0.87003,"NA-3716-D33-002","37NHA3118996295",NA,"NA-3716-D33-002",0,"G-59",c(41.975311, 0.87003)
9428,9431,"Xawaal Bar-Baar","UNDP - 2006","Settlement","Bay","Diinsoor","Verified",43.09828,2.44516,"NA-3805-P25-001","38NKH8853870415",NA,"NA-3805-P25-001",0,"N-51",c(43.09828, 2.44516)
9521,9524,"Xudur","UNDP - 2006","Town","Bakool","Xudur","Verified",44.189475,4.154989,"NB-3814-W16-002","38NMK1004159305",NA,"NB-3814-W16-002",0,"T-42",c(44.189475, 4.154989)
9521,9524,"Xudur","UNDP - 2006","Town","Bakool","Xudur","Verified",44.189475,4.154989,"NB-3814-W16-002","38NMK1004159305",NA,"NB-3814-W16-002",0,"T-42",c(44.189475, 4.154989)
9554,9557,"Yaaq Braawe","UNDP - 1997, FSAU","Settlement","Bay","Diinsoor","Verified",43.19458,1.95085,"NA-3809-B27-001","38NKH9918415736",NA,"NA-3809-B27-001",0,"N-54",c(43.19458, 1.95085)
9555,9558,"Yaaq Bulle","UNDP - 1997","Settlement","Lower Juba","Kismayo","Verified",42.410519,-0.31459,"SA-3801-H10-001","38MKE1176165192",NA,"SA-3801-H10-001",0,"I-65",c(42.410519, -0.31459)
9614,9617,"Yoontoy","UNDP - 2006, UNDP - 1997","Settlement","Lower Juba","Kismayo","Verified",42.563438,-0.11703,"SA-3801-C13-002","38MKE2878987052",NA,"SA-3801-C13-002",0,"K-64",c(42.563438, -0.11703)
9617,9620,"Yowkoyow","UNDP - 2006, FSAU","Settlement","Bakool","Xudur","Verified",44.15692,4.03852,"NB-3814-Z15-005","38NMK0641446433",NA,"NB-3814-Z15-005",0,"T-43",c(44.15692, 4.03852)
